<?xml version="1.0" encoding="UTF-8" standalone="yes"?><template><description></description><name>Decompression Circular Flow</name><snippet><connections><id>415665e0-274a-4195-84e1-bc7c2da0ff07</id><parentGroupId>7348553d-4836-4622-82ce-09d3d1ffa88c</parentGroupId><backPressureDataSizeThreshold>0 MB</backPressureDataSizeThreshold><backPressureObjectThreshold>0</backPressureObjectThreshold><bends><x>1357.1998291015625</x><y>869.7398681640625</y></bends><destination><groupId>7348553d-4836-4622-82ce-09d3d1ffa88c</groupId><id>41861b69-9438-42d9-8180-172bcd5e39f8</id><type>PROCESSOR</type></destination><flowFileExpiration>0 sec</flowFileExpiration><labelIndex>0</labelIndex><name></name><selectedRelationships>gzip</selectedRelationships><source><groupId>7348553d-4836-4622-82ce-09d3d1ffa88c</groupId><id>27fd32f8-091c-4216-b08d-c0668d790030</id><type>PROCESSOR</type></source><zIndex>0</zIndex></connections><connections><id>4223d2f0-59d9-433e-8365-7e2a97e21c17</id><parentGroupId>7348553d-4836-4622-82ce-09d3d1ffa88c</parentGroupId><backPressureDataSizeThreshold>0 MB</backPressureDataSizeThreshold><backPressureObjectThreshold>0</backPressureObjectThreshold><bends><x>1627.9197998046875</x><y>508.2999267578125</y></bends><destination><groupId>7348553d-4836-4622-82ce-09d3d1ffa88c</groupId><id>c00ed5e4-5491-4b2e-8562-49e4154f231d</id><type>PROCESSOR</type></destination><flowFileExpiration>0 sec</flowFileExpiration><labelIndex>0</labelIndex><name></name><selectedRelationships>success</selectedRelationships><source><groupId>7348553d-4836-4622-82ce-09d3d1ffa88c</groupId><id>41861b69-9438-42d9-8180-172bcd5e39f8</id><type>PROCESSOR</type></source><zIndex>0</zIndex></connections><connections><id>13aeb4b7-a890-4a30-b665-932b04b64fec</id><parentGroupId>7348553d-4836-4622-82ce-09d3d1ffa88c</parentGroupId><backPressureDataSizeThreshold>0 MB</backPressureDataSizeThreshold><backPressureObjectThreshold>0</backPressureObjectThreshold><destination><groupId>7348553d-4836-4622-82ce-09d3d1ffa88c</groupId><id>4f9bf421-02a6-49b4-8a25-82e71321d2f7</id><type>PROCESSOR</type></destination><flowFileExpiration>0 sec</flowFileExpiration><labelIndex>1</labelIndex><name></name><selectedRelationships>success</selectedRelationships><source><groupId>7348553d-4836-4622-82ce-09d3d1ffa88c</groupId><id>08da9b05-0613-465f-b257-514095951e9f</id><type>PROCESSOR</type></source><zIndex>0</zIndex></connections><connections><id>2e2a31bd-86a8-40ba-9ec7-9da6856eef5e</id><parentGroupId>7348553d-4836-4622-82ce-09d3d1ffa88c</parentGroupId><backPressureDataSizeThreshold>0 MB</backPressureDataSizeThreshold><backPressureObjectThreshold>0</backPressureObjectThreshold><bends><x>979.999978085227</x><y>300.99998512455966</y></bends><bends><x>979.999978085227</x><y>350.99998512455966</y></bends><destination><groupId>7348553d-4836-4622-82ce-09d3d1ffa88c</groupId><id>4f9bf421-02a6-49b4-8a25-82e71321d2f7</id><type>PROCESSOR</type></destination><flowFileExpiration>0 sec</flowFileExpiration><labelIndex>1</labelIndex><name></name><selectedRelationships>failure</selectedRelationships><source><groupId>7348553d-4836-4622-82ce-09d3d1ffa88c</groupId><id>4f9bf421-02a6-49b4-8a25-82e71321d2f7</id><type>PROCESSOR</type></source><zIndex>0</zIndex></connections><connections><id>079e9e2f-6cd2-4dc0-a858-6baacaf4c9ed</id><parentGroupId>7348553d-4836-4622-82ce-09d3d1ffa88c</parentGroupId><backPressureDataSizeThreshold>0 MB</backPressureDataSizeThreshold><backPressureObjectThreshold>0</backPressureObjectThreshold><bends><x>985.999978085227</x><y>458.99998512455966</y></bends><bends><x>985.999978085227</x><y>508.99998512455966</y></bends><destination><groupId>7348553d-4836-4622-82ce-09d3d1ffa88c</groupId><id>57e6ed8d-c37b-48fa-8a3d-9d95a03ccd26</id><type>PROCESSOR</type></destination><flowFileExpiration>0 sec</flowFileExpiration><labelIndex>1</labelIndex><name></name><selectedRelationships>failure</selectedRelationships><source><groupId>7348553d-4836-4622-82ce-09d3d1ffa88c</groupId><id>57e6ed8d-c37b-48fa-8a3d-9d95a03ccd26</id><type>PROCESSOR</type></source><zIndex>0</zIndex></connections><connections><id>a512b6ec-6ead-4135-bdd4-af9125cb4c55</id><parentGroupId>7348553d-4836-4622-82ce-09d3d1ffa88c</parentGroupId><backPressureDataSizeThreshold>0 MB</backPressureDataSizeThreshold><backPressureObjectThreshold>0</backPressureObjectThreshold><destination><groupId>7348553d-4836-4622-82ce-09d3d1ffa88c</groupId><id>36a57eb0-729a-4dbb-b634-ebd510ddb75e</id><type>PROCESSOR</type></destination><flowFileExpiration>0 sec</flowFileExpiration><labelIndex>1</labelIndex><name></name><selectedRelationships>success</selectedRelationships><source><groupId>7348553d-4836-4622-82ce-09d3d1ffa88c</groupId><id>57e6ed8d-c37b-48fa-8a3d-9d95a03ccd26</id><type>PROCESSOR</type></source><zIndex>0</zIndex></connections><connections><id>fd76234c-112d-47c1-a595-df94445929d0</id><parentGroupId>7348553d-4836-4622-82ce-09d3d1ffa88c</parentGroupId><backPressureDataSizeThreshold>0 MB</backPressureDataSizeThreshold><backPressureObjectThreshold>0</backPressureObjectThreshold><destination><groupId>7348553d-4836-4622-82ce-09d3d1ffa88c</groupId><id>08da9b05-0613-465f-b257-514095951e9f</id><type>PROCESSOR</type></destination><flowFileExpiration>0 sec</flowFileExpiration><labelIndex>1</labelIndex><name></name><selectedRelationships>success</selectedRelationships><source><groupId>7348553d-4836-4622-82ce-09d3d1ffa88c</groupId><id>d1979e9a-04f8-4b25-9cce-8cb06cb6bcb6</id><type>PROCESSOR</type></source><zIndex>0</zIndex></connections><connections><id>146be504-a734-4ae0-b6f3-c301bd77b130</id><parentGroupId>7348553d-4836-4622-82ce-09d3d1ffa88c</parentGroupId><backPressureDataSizeThreshold>0 MB</backPressureDataSizeThreshold><backPressureObjectThreshold>0</backPressureObjectThreshold><bends><x>981.999978085227</x><y>146.9999698657706</y></bends><bends><x>981.999978085227</x><y>196.9999698657706</y></bends><destination><groupId>7348553d-4836-4622-82ce-09d3d1ffa88c</groupId><id>08da9b05-0613-465f-b257-514095951e9f</id><type>PROCESSOR</type></destination><flowFileExpiration>0 sec</flowFileExpiration><labelIndex>1</labelIndex><name></name><selectedRelationships>failure</selectedRelationships><source><groupId>7348553d-4836-4622-82ce-09d3d1ffa88c</groupId><id>08da9b05-0613-465f-b257-514095951e9f</id><type>PROCESSOR</type></source><zIndex>0</zIndex></connections><connections><id>2544cd91-3544-4156-adbf-7f1941c229d1</id><parentGroupId>7348553d-4836-4622-82ce-09d3d1ffa88c</parentGroupId><backPressureDataSizeThreshold>0 MB</backPressureDataSizeThreshold><backPressureObjectThreshold>0</backPressureObjectThreshold><destination><groupId>7348553d-4836-4622-82ce-09d3d1ffa88c</groupId><id>41861b69-9438-42d9-8180-172bcd5e39f8</id><type>PROCESSOR</type></destination><flowFileExpiration>0 sec</flowFileExpiration><labelIndex>1</labelIndex><name></name><selectedRelationships>success</selectedRelationships><source><groupId>7348553d-4836-4622-82ce-09d3d1ffa88c</groupId><id>36a57eb0-729a-4dbb-b634-ebd510ddb75e</id><type>PROCESSOR</type></source><zIndex>0</zIndex></connections><connections><id>94f55614-0b0c-4cff-8116-649158c77ef6</id><parentGroupId>7348553d-4836-4622-82ce-09d3d1ffa88c</parentGroupId><backPressureDataSizeThreshold>0 MB</backPressureDataSizeThreshold><backPressureObjectThreshold>0</backPressureObjectThreshold><destination><groupId>7348553d-4836-4622-82ce-09d3d1ffa88c</groupId><id>57e6ed8d-c37b-48fa-8a3d-9d95a03ccd26</id><type>PROCESSOR</type></destination><flowFileExpiration>0 sec</flowFileExpiration><labelIndex>1</labelIndex><name></name><selectedRelationships>success</selectedRelationships><source><groupId>7348553d-4836-4622-82ce-09d3d1ffa88c</groupId><id>4f9bf421-02a6-49b4-8a25-82e71321d2f7</id><type>PROCESSOR</type></source><zIndex>0</zIndex></connections><connections><id>7915da62-5eee-4195-bd48-d55240508113</id><parentGroupId>7348553d-4836-4622-82ce-09d3d1ffa88c</parentGroupId><backPressureDataSizeThreshold>0 MB</backPressureDataSizeThreshold><backPressureObjectThreshold>0</backPressureObjectThreshold><destination><groupId>7348553d-4836-4622-82ce-09d3d1ffa88c</groupId><id>27fd32f8-091c-4216-b08d-c0668d790030</id><type>PROCESSOR</type></destination><flowFileExpiration>0 sec</flowFileExpiration><labelIndex>1</labelIndex><name></name><selectedRelationships>success</selectedRelationships><source><groupId>7348553d-4836-4622-82ce-09d3d1ffa88c</groupId><id>c00ed5e4-5491-4b2e-8562-49e4154f231d</id><type>PROCESSOR</type></source><zIndex>0</zIndex></connections><connections><id>7d5c3c41-776b-4176-bbd1-c884fdea1a33</id><parentGroupId>7348553d-4836-4622-82ce-09d3d1ffa88c</parentGroupId><backPressureDataSizeThreshold>0 MB</backPressureDataSizeThreshold><backPressureObjectThreshold>0</backPressureObjectThreshold><bends><x>985.999978085227</x><y>629.9999851245597</y></bends><bends><x>985.999978085227</x><y>679.9999851245597</y></bends><destination><groupId>7348553d-4836-4622-82ce-09d3d1ffa88c</groupId><id>36a57eb0-729a-4dbb-b634-ebd510ddb75e</id><type>PROCESSOR</type></destination><flowFileExpiration>0 sec</flowFileExpiration><labelIndex>1</labelIndex><name></name><selectedRelationships>failure</selectedRelationships><source><groupId>7348553d-4836-4622-82ce-09d3d1ffa88c</groupId><id>36a57eb0-729a-4dbb-b634-ebd510ddb75e</id><type>PROCESSOR</type></source><zIndex>0</zIndex></connections><connections><id>377f52ed-ffd4-4cb2-8cd4-474ee81f883b</id><parentGroupId>7348553d-4836-4622-82ce-09d3d1ffa88c</parentGroupId><backPressureDataSizeThreshold>0 MB</backPressureDataSizeThreshold><backPressureObjectThreshold>0</backPressureObjectThreshold><destination><groupId>7348553d-4836-4622-82ce-09d3d1ffa88c</groupId><id>ca2287e1-ac3f-4d55-bf53-078820c9519f</id><type>PROCESSOR</type></destination><flowFileExpiration>0 sec</flowFileExpiration><labelIndex>1</labelIndex><name></name><selectedRelationships>unmatched</selectedRelationships><source><groupId>7348553d-4836-4622-82ce-09d3d1ffa88c</groupId><id>27fd32f8-091c-4216-b08d-c0668d790030</id><type>PROCESSOR</type></source><zIndex>0</zIndex></connections><connections><id>5da2afa5-2e37-4629-95c8-d0f1535a78a2</id><parentGroupId>7348553d-4836-4622-82ce-09d3d1ffa88c</parentGroupId><backPressureDataSizeThreshold>0 MB</backPressureDataSizeThreshold><backPressureObjectThreshold>0</backPressureObjectThreshold><bends><x>1616.3997802734375</x><y>580.2999267578125</y></bends><bends><x>1620.1265869140625</x><y>716.6499633789062</y></bends><destination><groupId>7348553d-4836-4622-82ce-09d3d1ffa88c</groupId><id>41861b69-9438-42d9-8180-172bcd5e39f8</id><type>PROCESSOR</type></destination><flowFileExpiration>5 sec</flowFileExpiration><labelIndex>1</labelIndex><name></name><selectedRelationships>failure</selectedRelationships><source><groupId>7348553d-4836-4622-82ce-09d3d1ffa88c</groupId><id>41861b69-9438-42d9-8180-172bcd5e39f8</id><type>PROCESSOR</type></source><zIndex>0</zIndex></connections><processors><id>57e6ed8d-c37b-48fa-8a3d-9d95a03ccd26</id><parentGroupId>7348553d-4836-4622-82ce-09d3d1ffa88c</parentGroupId><position><x>576.999978085227</x><y>433.99998512455966</y></position><config><bulletinLevel>WARN</bulletinLevel><comments></comments><concurrentlySchedulableTaskCount>1</concurrentlySchedulableTaskCount><defaultConcurrentTasks><entry><key>TIMER_DRIVEN</key><value>1</value></entry><entry><key>EVENT_DRIVEN</key><value>0</value></entry><entry><key>CRON_DRIVEN</key><value>1</value></entry></defaultConcurrentTasks><defaultSchedulingPeriod><entry><key>TIMER_DRIVEN</key><value>0 sec</value></entry><entry><key>CRON_DRIVEN</key><value>* * * * * ?</value></entry></defaultSchedulingPeriod><descriptors><entry><key>Mode</key><value><allowableValues><displayName>compress</displayName><value>compress</value></allowableValues><allowableValues><displayName>decompress</displayName><value>decompress</value></allowableValues><defaultValue>compress</defaultValue><description>Indicates whether the processor should compress content or decompress content. Must be either 'compress' or 'decompress'</description><displayName>Mode</displayName><dynamic>false</dynamic><name>Mode</name><required>true</required><sensitive>false</sensitive><supportsEl>false</supportsEl></value></entry><entry><key>Compression Format</key><value><allowableValues><displayName>use mime.type attribute</displayName><value>use mime.type attribute</value></allowableValues><allowableValues><displayName>gzip</displayName><value>gzip</value></allowableValues><allowableValues><displayName>bzip2</displayName><value>bzip2</value></allowableValues><allowableValues><displayName>xz-lzma2</displayName><value>xz-lzma2</value></allowableValues><allowableValues><displayName>lzma</displayName><value>lzma</value></allowableValues><defaultValue>use mime.type attribute</defaultValue><description>The compression format to use. Valid values are: GZIP, BZIP2, XZ-LZMA2, and LZMA</description><displayName>Compression Format</displayName><dynamic>false</dynamic><name>Compression Format</name><required>true</required><sensitive>false</sensitive><supportsEl>false</supportsEl></value></entry><entry><key>Compression Level</key><value><allowableValues><displayName>0</displayName><value>0</value></allowableValues><allowableValues><displayName>1</displayName><value>1</value></allowableValues><allowableValues><displayName>2</displayName><value>2</value></allowableValues><allowableValues><displayName>3</displayName><value>3</value></allowableValues><allowableValues><displayName>4</displayName><value>4</value></allowableValues><allowableValues><displayName>5</displayName><value>5</value></allowableValues><allowableValues><displayName>6</displayName><value>6</value></allowableValues><allowableValues><displayName>7</displayName><value>7</value></allowableValues><allowableValues><displayName>8</displayName><value>8</value></allowableValues><allowableValues><displayName>9</displayName><value>9</value></allowableValues><defaultValue>1</defaultValue><description>The compression level to use; this is valid only when using GZIP compression. A lower value results in faster processing but less compression; a value of 0 indicates no compression but simply archiving</description><displayName>Compression Level</displayName><dynamic>false</dynamic><name>Compression Level</name><required>true</required><sensitive>false</sensitive><supportsEl>false</supportsEl></value></entry><entry><key>Update Filename</key><value><allowableValues><displayName>true</displayName><value>true</value></allowableValues><allowableValues><displayName>false</displayName><value>false</value></allowableValues><defaultValue>false</defaultValue><description>If true, will remove the filename extension when decompressing data (only if the extension indicates the appropriate compression format) and add the appropriate extension when compressing data</description><displayName>Update Filename</displayName><dynamic>false</dynamic><name>Update Filename</name><required>true</required><sensitive>false</sensitive><supportsEl>false</supportsEl></value></entry></descriptors><lossTolerant>false</lossTolerant><penaltyDuration>30 sec</penaltyDuration><properties><entry><key>Mode</key></entry><entry><key>Compression Format</key><value>gzip</value></entry><entry><key>Compression Level</key></entry><entry><key>Update Filename</key></entry></properties><runDurationMillis>0</runDurationMillis><schedulingPeriod>0 sec</schedulingPeriod><schedulingStrategy>TIMER_DRIVEN</schedulingStrategy><yieldDuration>1 sec</yieldDuration></config><name>GZIP CompressContent</name><relationships><autoTerminate>false</autoTerminate><description>FlowFiles will be transferred to the failure relationship if they fail to compress/decompress</description><name>failure</name></relationships><relationships><autoTerminate>false</autoTerminate><description>FlowFiles will be transferred to the success relationship after successfully being compressed or decompressed</description><name>success</name></relationships><state>RUNNING</state><style/><supportsEventDriven>true</supportsEventDriven><supportsParallelProcessing>true</supportsParallelProcessing><type>org.apache.nifi.processors.standard.CompressContent</type></processors><processors><id>36a57eb0-729a-4dbb-b634-ebd510ddb75e</id><parentGroupId>7348553d-4836-4622-82ce-09d3d1ffa88c</parentGroupId><position><x>576.999978085227</x><y>604.9999851245597</y></position><config><bulletinLevel>WARN</bulletinLevel><comments></comments><concurrentlySchedulableTaskCount>1</concurrentlySchedulableTaskCount><defaultConcurrentTasks><entry><key>TIMER_DRIVEN</key><value>1</value></entry><entry><key>EVENT_DRIVEN</key><value>0</value></entry><entry><key>CRON_DRIVEN</key><value>1</value></entry></defaultConcurrentTasks><defaultSchedulingPeriod><entry><key>TIMER_DRIVEN</key><value>0 sec</value></entry><entry><key>CRON_DRIVEN</key><value>* * * * * ?</value></entry></defaultSchedulingPeriod><descriptors><entry><key>Mode</key><value><allowableValues><displayName>compress</displayName><value>compress</value></allowableValues><allowableValues><displayName>decompress</displayName><value>decompress</value></allowableValues><defaultValue>compress</defaultValue><description>Indicates whether the processor should compress content or decompress content. Must be either 'compress' or 'decompress'</description><displayName>Mode</displayName><dynamic>false</dynamic><name>Mode</name><required>true</required><sensitive>false</sensitive><supportsEl>false</supportsEl></value></entry><entry><key>Compression Format</key><value><allowableValues><displayName>use mime.type attribute</displayName><value>use mime.type attribute</value></allowableValues><allowableValues><displayName>gzip</displayName><value>gzip</value></allowableValues><allowableValues><displayName>bzip2</displayName><value>bzip2</value></allowableValues><allowableValues><displayName>xz-lzma2</displayName><value>xz-lzma2</value></allowableValues><allowableValues><displayName>lzma</displayName><value>lzma</value></allowableValues><defaultValue>use mime.type attribute</defaultValue><description>The compression format to use. Valid values are: GZIP, BZIP2, XZ-LZMA2, and LZMA</description><displayName>Compression Format</displayName><dynamic>false</dynamic><name>Compression Format</name><required>true</required><sensitive>false</sensitive><supportsEl>false</supportsEl></value></entry><entry><key>Compression Level</key><value><allowableValues><displayName>0</displayName><value>0</value></allowableValues><allowableValues><displayName>1</displayName><value>1</value></allowableValues><allowableValues><displayName>2</displayName><value>2</value></allowableValues><allowableValues><displayName>3</displayName><value>3</value></allowableValues><allowableValues><displayName>4</displayName><value>4</value></allowableValues><allowableValues><displayName>5</displayName><value>5</value></allowableValues><allowableValues><displayName>6</displayName><value>6</value></allowableValues><allowableValues><displayName>7</displayName><value>7</value></allowableValues><allowableValues><displayName>8</displayName><value>8</value></allowableValues><allowableValues><displayName>9</displayName><value>9</value></allowableValues><defaultValue>1</defaultValue><description>The compression level to use; this is valid only when using GZIP compression. A lower value results in faster processing but less compression; a value of 0 indicates no compression but simply archiving</description><displayName>Compression Level</displayName><dynamic>false</dynamic><name>Compression Level</name><required>true</required><sensitive>false</sensitive><supportsEl>false</supportsEl></value></entry><entry><key>Update Filename</key><value><allowableValues><displayName>true</displayName><value>true</value></allowableValues><allowableValues><displayName>false</displayName><value>false</value></allowableValues><defaultValue>false</defaultValue><description>If true, will remove the filename extension when decompressing data (only if the extension indicates the appropriate compression format) and add the appropriate extension when compressing data</description><displayName>Update Filename</displayName><dynamic>false</dynamic><name>Update Filename</name><required>true</required><sensitive>false</sensitive><supportsEl>false</supportsEl></value></entry></descriptors><lossTolerant>false</lossTolerant><penaltyDuration>30 sec</penaltyDuration><properties><entry><key>Mode</key></entry><entry><key>Compression Format</key><value>gzip</value></entry><entry><key>Compression Level</key></entry><entry><key>Update Filename</key></entry></properties><runDurationMillis>0</runDurationMillis><schedulingPeriod>0 sec</schedulingPeriod><schedulingStrategy>TIMER_DRIVEN</schedulingStrategy><yieldDuration>1 sec</yieldDuration></config><name>GZIP CompressContent</name><relationships><autoTerminate>false</autoTerminate><description>FlowFiles will be transferred to the failure relationship if they fail to compress/decompress</description><name>failure</name></relationships><relationships><autoTerminate>false</autoTerminate><description>FlowFiles will be transferred to the success relationship after successfully being compressed or decompressed</description><name>success</name></relationships><state>RUNNING</state><style/><supportsEventDriven>true</supportsEventDriven><supportsParallelProcessing>true</supportsParallelProcessing><type>org.apache.nifi.processors.standard.CompressContent</type></processors><processors><id>c00ed5e4-5491-4b2e-8562-49e4154f231d</id><parentGroupId>7348553d-4836-4622-82ce-09d3d1ffa88c</parentGroupId><position><x>1754.6399097258525</x><y>603.3398581714347</y></position><config><bulletinLevel>WARN</bulletinLevel><comments></comments><concurrentlySchedulableTaskCount>1</concurrentlySchedulableTaskCount><defaultConcurrentTasks><entry><key>TIMER_DRIVEN</key><value>1</value></entry><entry><key>EVENT_DRIVEN</key><value>0</value></entry><entry><key>CRON_DRIVEN</key><value>1</value></entry></defaultConcurrentTasks><defaultSchedulingPeriod><entry><key>TIMER_DRIVEN</key><value>0 sec</value></entry><entry><key>CRON_DRIVEN</key><value>* * * * * ?</value></entry></defaultSchedulingPeriod><descriptors/><lossTolerant>false</lossTolerant><penaltyDuration>30 sec</penaltyDuration><properties/><runDurationMillis>0</runDurationMillis><schedulingPeriod>0 sec</schedulingPeriod><schedulingStrategy>TIMER_DRIVEN</schedulingStrategy><yieldDuration>1 sec</yieldDuration></config><name>IdentifyMimeType</name><relationships><autoTerminate>false</autoTerminate><description>All FlowFiles are routed to success</description><name>success</name></relationships><state>RUNNING</state><style/><supportsEventDriven>true</supportsEventDriven><supportsParallelProcessing>true</supportsParallelProcessing><type>org.apache.nifi.processors.standard.IdentifyMimeType</type></processors><processors><id>4f9bf421-02a6-49b4-8a25-82e71321d2f7</id><parentGroupId>7348553d-4836-4622-82ce-09d3d1ffa88c</parentGroupId><position><x>570.999978085227</x><y>275.99998512455966</y></position><config><bulletinLevel>WARN</bulletinLevel><comments></comments><concurrentlySchedulableTaskCount>1</concurrentlySchedulableTaskCount><defaultConcurrentTasks><entry><key>TIMER_DRIVEN</key><value>1</value></entry><entry><key>EVENT_DRIVEN</key><value>0</value></entry><entry><key>CRON_DRIVEN</key><value>1</value></entry></defaultConcurrentTasks><defaultSchedulingPeriod><entry><key>TIMER_DRIVEN</key><value>0 sec</value></entry><entry><key>CRON_DRIVEN</key><value>* * * * * ?</value></entry></defaultSchedulingPeriod><descriptors><entry><key>Mode</key><value><allowableValues><displayName>compress</displayName><value>compress</value></allowableValues><allowableValues><displayName>decompress</displayName><value>decompress</value></allowableValues><defaultValue>compress</defaultValue><description>Indicates whether the processor should compress content or decompress content. Must be either 'compress' or 'decompress'</description><displayName>Mode</displayName><dynamic>false</dynamic><name>Mode</name><required>true</required><sensitive>false</sensitive><supportsEl>false</supportsEl></value></entry><entry><key>Compression Format</key><value><allowableValues><displayName>use mime.type attribute</displayName><value>use mime.type attribute</value></allowableValues><allowableValues><displayName>gzip</displayName><value>gzip</value></allowableValues><allowableValues><displayName>bzip2</displayName><value>bzip2</value></allowableValues><allowableValues><displayName>xz-lzma2</displayName><value>xz-lzma2</value></allowableValues><allowableValues><displayName>lzma</displayName><value>lzma</value></allowableValues><defaultValue>use mime.type attribute</defaultValue><description>The compression format to use. Valid values are: GZIP, BZIP2, XZ-LZMA2, and LZMA</description><displayName>Compression Format</displayName><dynamic>false</dynamic><name>Compression Format</name><required>true</required><sensitive>false</sensitive><supportsEl>false</supportsEl></value></entry><entry><key>Compression Level</key><value><allowableValues><displayName>0</displayName><value>0</value></allowableValues><allowableValues><displayName>1</displayName><value>1</value></allowableValues><allowableValues><displayName>2</displayName><value>2</value></allowableValues><allowableValues><displayName>3</displayName><value>3</value></allowableValues><allowableValues><displayName>4</displayName><value>4</value></allowableValues><allowableValues><displayName>5</displayName><value>5</value></allowableValues><allowableValues><displayName>6</displayName><value>6</value></allowableValues><allowableValues><displayName>7</displayName><value>7</value></allowableValues><allowableValues><displayName>8</displayName><value>8</value></allowableValues><allowableValues><displayName>9</displayName><value>9</value></allowableValues><defaultValue>1</defaultValue><description>The compression level to use; this is valid only when using GZIP compression. A lower value results in faster processing but less compression; a value of 0 indicates no compression but simply archiving</description><displayName>Compression Level</displayName><dynamic>false</dynamic><name>Compression Level</name><required>true</required><sensitive>false</sensitive><supportsEl>false</supportsEl></value></entry><entry><key>Update Filename</key><value><allowableValues><displayName>true</displayName><value>true</value></allowableValues><allowableValues><displayName>false</displayName><value>false</value></allowableValues><defaultValue>false</defaultValue><description>If true, will remove the filename extension when decompressing data (only if the extension indicates the appropriate compression format) and add the appropriate extension when compressing data</description><displayName>Update Filename</displayName><dynamic>false</dynamic><name>Update Filename</name><required>true</required><sensitive>false</sensitive><supportsEl>false</supportsEl></value></entry></descriptors><lossTolerant>false</lossTolerant><penaltyDuration>30 sec</penaltyDuration><properties><entry><key>Mode</key></entry><entry><key>Compression Format</key><value>gzip</value></entry><entry><key>Compression Level</key></entry><entry><key>Update Filename</key></entry></properties><runDurationMillis>0</runDurationMillis><schedulingPeriod>0 sec</schedulingPeriod><schedulingStrategy>TIMER_DRIVEN</schedulingStrategy><yieldDuration>1 sec</yieldDuration></config><name>GZIP CompressContent</name><relationships><autoTerminate>false</autoTerminate><description>FlowFiles will be transferred to the failure relationship if they fail to compress/decompress</description><name>failure</name></relationships><relationships><autoTerminate>false</autoTerminate><description>FlowFiles will be transferred to the success relationship after successfully being compressed or decompressed</description><name>success</name></relationships><state>RUNNING</state><style/><supportsEventDriven>true</supportsEventDriven><supportsParallelProcessing>true</supportsParallelProcessing><type>org.apache.nifi.processors.standard.CompressContent</type></processors><processors><id>d1979e9a-04f8-4b25-9cce-8cb06cb6bcb6</id><parentGroupId>7348553d-4836-4622-82ce-09d3d1ffa88c</parentGroupId><position><x>128.99997808522699</x><y>125.99998512455966</y></position><config><bulletinLevel>WARN</bulletinLevel><comments></comments><concurrentlySchedulableTaskCount>1</concurrentlySchedulableTaskCount><defaultConcurrentTasks><entry><key>TIMER_DRIVEN</key><value>1</value></entry><entry><key>EVENT_DRIVEN</key><value>0</value></entry><entry><key>CRON_DRIVEN</key><value>1</value></entry></defaultConcurrentTasks><defaultSchedulingPeriod><entry><key>TIMER_DRIVEN</key><value>0 sec</value></entry><entry><key>CRON_DRIVEN</key><value>* * * * * ?</value></entry></defaultSchedulingPeriod><descriptors><entry><key>File Size</key><value><description>The size of the file that will be used</description><displayName>File Size</displayName><dynamic>false</dynamic><name>File Size</name><required>true</required><sensitive>false</sensitive><supportsEl>false</supportsEl></value></entry><entry><key>Batch Size</key><value><defaultValue>1</defaultValue><description>The number of FlowFiles to be transferred in each invocation</description><displayName>Batch Size</displayName><dynamic>false</dynamic><name>Batch Size</name><required>true</required><sensitive>false</sensitive><supportsEl>false</supportsEl></value></entry><entry><key>Data Format</key><value><allowableValues><displayName>Binary</displayName><value>Binary</value></allowableValues><allowableValues><displayName>Text</displayName><value>Text</value></allowableValues><defaultValue>Binary</defaultValue><description>Specifies whether the data should be Text or Binary</description><displayName>Data Format</displayName><dynamic>false</dynamic><name>Data Format</name><required>true</required><sensitive>false</sensitive><supportsEl>false</supportsEl></value></entry><entry><key>Unique FlowFiles</key><value><allowableValues><displayName>true</displayName><value>true</value></allowableValues><allowableValues><displayName>false</displayName><value>false</value></allowableValues><defaultValue>false</defaultValue><description>If true, each FlowFile that is generated will be unique. If false, a random value will be generated and all FlowFiles will get the same content but this offers much higher throughput</description><displayName>Unique FlowFiles</displayName><dynamic>false</dynamic><name>Unique FlowFiles</name><required>true</required><sensitive>false</sensitive><supportsEl>false</supportsEl></value></entry></descriptors><lossTolerant>false</lossTolerant><penaltyDuration>30 sec</penaltyDuration><properties><entry><key>File Size</key><value>10kb</value></entry><entry><key>Batch Size</key></entry><entry><key>Data Format</key></entry><entry><key>Unique FlowFiles</key></entry></properties><runDurationMillis>0</runDurationMillis><schedulingPeriod>1 min</schedulingPeriod><schedulingStrategy>TIMER_DRIVEN</schedulingStrategy><yieldDuration>1 sec</yieldDuration></config><name>GenerateFlowFile</name><relationships><autoTerminate>false</autoTerminate><description></description><name>success</name></relationships><state>RUNNING</state><style/><supportsEventDriven>false</supportsEventDriven><supportsParallelProcessing>true</supportsParallelProcessing><type>org.apache.nifi.processors.standard.GenerateFlowFile</type></processors><processors><id>08da9b05-0613-465f-b257-514095951e9f</id><parentGroupId>7348553d-4836-4622-82ce-09d3d1ffa88c</parentGroupId><position><x>572.999978085227</x><y>121.9999698657706</y></position><config><bulletinLevel>WARN</bulletinLevel><comments></comments><concurrentlySchedulableTaskCount>1</concurrentlySchedulableTaskCount><defaultConcurrentTasks><entry><key>TIMER_DRIVEN</key><value>1</value></entry><entry><key>EVENT_DRIVEN</key><value>0</value></entry><entry><key>CRON_DRIVEN</key><value>1</value></entry></defaultConcurrentTasks><defaultSchedulingPeriod><entry><key>TIMER_DRIVEN</key><value>0 sec</value></entry><entry><key>CRON_DRIVEN</key><value>* * * * * ?</value></entry></defaultSchedulingPeriod><descriptors><entry><key>Mode</key><value><allowableValues><displayName>compress</displayName><value>compress</value></allowableValues><allowableValues><displayName>decompress</displayName><value>decompress</value></allowableValues><defaultValue>compress</defaultValue><description>Indicates whether the processor should compress content or decompress content. Must be either 'compress' or 'decompress'</description><displayName>Mode</displayName><dynamic>false</dynamic><name>Mode</name><required>true</required><sensitive>false</sensitive><supportsEl>false</supportsEl></value></entry><entry><key>Compression Format</key><value><allowableValues><displayName>use mime.type attribute</displayName><value>use mime.type attribute</value></allowableValues><allowableValues><displayName>gzip</displayName><value>gzip</value></allowableValues><allowableValues><displayName>bzip2</displayName><value>bzip2</value></allowableValues><allowableValues><displayName>xz-lzma2</displayName><value>xz-lzma2</value></allowableValues><allowableValues><displayName>lzma</displayName><value>lzma</value></allowableValues><defaultValue>use mime.type attribute</defaultValue><description>The compression format to use. Valid values are: GZIP, BZIP2, XZ-LZMA2, and LZMA</description><displayName>Compression Format</displayName><dynamic>false</dynamic><name>Compression Format</name><required>true</required><sensitive>false</sensitive><supportsEl>false</supportsEl></value></entry><entry><key>Compression Level</key><value><allowableValues><displayName>0</displayName><value>0</value></allowableValues><allowableValues><displayName>1</displayName><value>1</value></allowableValues><allowableValues><displayName>2</displayName><value>2</value></allowableValues><allowableValues><displayName>3</displayName><value>3</value></allowableValues><allowableValues><displayName>4</displayName><value>4</value></allowableValues><allowableValues><displayName>5</displayName><value>5</value></allowableValues><allowableValues><displayName>6</displayName><value>6</value></allowableValues><allowableValues><displayName>7</displayName><value>7</value></allowableValues><allowableValues><displayName>8</displayName><value>8</value></allowableValues><allowableValues><displayName>9</displayName><value>9</value></allowableValues><defaultValue>1</defaultValue><description>The compression level to use; this is valid only when using GZIP compression. A lower value results in faster processing but less compression; a value of 0 indicates no compression but simply archiving</description><displayName>Compression Level</displayName><dynamic>false</dynamic><name>Compression Level</name><required>true</required><sensitive>false</sensitive><supportsEl>false</supportsEl></value></entry><entry><key>Update Filename</key><value><allowableValues><displayName>true</displayName><value>true</value></allowableValues><allowableValues><displayName>false</displayName><value>false</value></allowableValues><defaultValue>false</defaultValue><description>If true, will remove the filename extension when decompressing data (only if the extension indicates the appropriate compression format) and add the appropriate extension when compressing data</description><displayName>Update Filename</displayName><dynamic>false</dynamic><name>Update Filename</name><required>true</required><sensitive>false</sensitive><supportsEl>false</supportsEl></value></entry></descriptors><lossTolerant>false</lossTolerant><penaltyDuration>30 sec</penaltyDuration><properties><entry><key>Mode</key></entry><entry><key>Compression Format</key><value>gzip</value></entry><entry><key>Compression Level</key></entry><entry><key>Update Filename</key></entry></properties><runDurationMillis>0</runDurationMillis><schedulingPeriod>0 sec</schedulingPeriod><schedulingStrategy>TIMER_DRIVEN</schedulingStrategy><yieldDuration>1 sec</yieldDuration></config><name>GZIP CompressContent</name><relationships><autoTerminate>false</autoTerminate><description>FlowFiles will be transferred to the failure relationship if they fail to compress/decompress</description><name>failure</name></relationships><relationships><autoTerminate>false</autoTerminate><description>FlowFiles will be transferred to the success relationship after successfully being compressed or decompressed</description><name>success</name></relationships><state>RUNNING</state><style/><supportsEventDriven>true</supportsEventDriven><supportsParallelProcessing>true</supportsParallelProcessing><type>org.apache.nifi.processors.standard.CompressContent</type></processors><processors><id>27fd32f8-091c-4216-b08d-c0668d790030</id><parentGroupId>7348553d-4836-4622-82ce-09d3d1ffa88c</parentGroupId><position><x>1761.2801294524145</x><y>818.8799900073723</y></position><config><bulletinLevel>WARN</bulletinLevel><comments></comments><concurrentlySchedulableTaskCount>1</concurrentlySchedulableTaskCount><defaultConcurrentTasks><entry><key>TIMER_DRIVEN</key><value>1</value></entry><entry><key>EVENT_DRIVEN</key><value>0</value></entry><entry><key>CRON_DRIVEN</key><value>1</value></entry></defaultConcurrentTasks><defaultSchedulingPeriod><entry><key>TIMER_DRIVEN</key><value>0 sec</value></entry><entry><key>CRON_DRIVEN</key><value>* * * * * ?</value></entry></defaultSchedulingPeriod><descriptors><entry><key>Routing Strategy</key><value><allowableValues><description>A copy of the FlowFile will be routed to each relationship whose corresponding expression evaluates to 'true'</description><displayName>Route to Property name</displayName><value>Route to Property name</value></allowableValues><allowableValues><description>Requires that all user-defined expressions evaluate to 'true' for the FlowFile to be considered a match</description><displayName>Route to 'matched' if all match</displayName><value>Route to 'match' if all match</value></allowableValues><allowableValues><description>Requires that at least one user-defined expression evaluate to 'true' for hte FlowFile to be considered a match</description><displayName>Route to 'matched' if any matches</displayName><value>Route to 'match' if any matches</value></allowableValues><defaultValue>Route to Property name</defaultValue><description>Specifies how to determine which relationship to use when evaluating the Expression Language</description><displayName>Routing Strategy</displayName><dynamic>false</dynamic><name>Routing Strategy</name><required>true</required><sensitive>false</sensitive><supportsEl>false</supportsEl></value></entry><entry><key>gzip</key><value><description></description><displayName>gzip</displayName><dynamic>true</dynamic><name>gzip</name><required>false</required><sensitive>false</sensitive><supportsEl>true</supportsEl></value></entry></descriptors><lossTolerant>false</lossTolerant><penaltyDuration>30 sec</penaltyDuration><properties><entry><key>Routing Strategy</key></entry><entry><key>gzip</key><value>${mime.type:toUpper():contains(&quot;GZIP&quot;)}</value></entry></properties><runDurationMillis>0</runDurationMillis><schedulingPeriod>0 sec</schedulingPeriod><schedulingStrategy>TIMER_DRIVEN</schedulingStrategy><yieldDuration>1 sec</yieldDuration></config><name>Compressed?</name><relationships><autoTerminate>false</autoTerminate><description></description><name>gzip</name></relationships><relationships><autoTerminate>false</autoTerminate><description>FlowFiles that do not match any user-define expression will be routed here</description><name>unmatched</name></relationships><state>RUNNING</state><style/><supportsEventDriven>true</supportsEventDriven><supportsParallelProcessing>true</supportsParallelProcessing><type>org.apache.nifi.processors.standard.RouteOnAttribute</type></processors><processors><id>ca2287e1-ac3f-4d55-bf53-078820c9519f</id><parentGroupId>7348553d-4836-4622-82ce-09d3d1ffa88c</parentGroupId><position><x>1757.2002954680395</x><y>1053.1598972339348</y></position><config><bulletinLevel>WARN</bulletinLevel><comments></comments><concurrentlySchedulableTaskCount>1</concurrentlySchedulableTaskCount><defaultConcurrentTasks><entry><key>TIMER_DRIVEN</key><value>1</value></entry><entry><key>EVENT_DRIVEN</key><value>0</value></entry><entry><key>CRON_DRIVEN</key><value>1</value></entry></defaultConcurrentTasks><defaultSchedulingPeriod><entry><key>TIMER_DRIVEN</key><value>0 sec</value></entry><entry><key>CRON_DRIVEN</key><value>* * * * * ?</value></entry></defaultSchedulingPeriod><descriptors><entry><key>Log Level</key><value><allowableValues><displayName>trace</displayName><value>trace</value></allowableValues><allowableValues><displayName>debug</displayName><value>debug</value></allowableValues><allowableValues><displayName>info</displayName><value>info</value></allowableValues><allowableValues><displayName>warn</displayName><value>warn</value></allowableValues><allowableValues><displayName>error</displayName><value>error</value></allowableValues><defaultValue>info</defaultValue><description>The Log Level to use when logging the Attributes</description><displayName>Log Level</displayName><dynamic>false</dynamic><name>Log Level</name><required>true</required><sensitive>false</sensitive><supportsEl>false</supportsEl></value></entry><entry><key>Log Payload</key><value><allowableValues><displayName>true</displayName><value>true</value></allowableValues><allowableValues><displayName>false</displayName><value>false</value></allowableValues><defaultValue>false</defaultValue><description>If true, the FlowFile's payload will be logged, in addition to its attributes; otherwise, just the Attributes will be logged.</description><displayName>Log Payload</displayName><dynamic>false</dynamic><name>Log Payload</name><required>true</required><sensitive>false</sensitive><supportsEl>false</supportsEl></value></entry><entry><key>Attributes to Log</key><value><description>A comma-separated list of Attributes to Log. If not specified, all attributes will be logged.</description><displayName>Attributes to Log</displayName><dynamic>false</dynamic><name>Attributes to Log</name><required>false</required><sensitive>false</sensitive><supportsEl>false</supportsEl></value></entry><entry><key>Attributes to Ignore</key><value><description>A comma-separated list of Attributes to ignore. If not specified, no attributes will be ignored.</description><displayName>Attributes to Ignore</displayName><dynamic>false</dynamic><name>Attributes to Ignore</name><required>false</required><sensitive>false</sensitive><supportsEl>false</supportsEl></value></entry></descriptors><lossTolerant>false</lossTolerant><penaltyDuration>30 sec</penaltyDuration><properties><entry><key>Log Level</key></entry><entry><key>Log Payload</key></entry><entry><key>Attributes to Log</key></entry><entry><key>Attributes to Ignore</key></entry></properties><runDurationMillis>0</runDurationMillis><schedulingPeriod>0 sec</schedulingPeriod><schedulingStrategy>TIMER_DRIVEN</schedulingStrategy><yieldDuration>1 sec</yieldDuration></config><name>LogAttribute</name><relationships><autoTerminate>true</autoTerminate><description>All FlowFiles are routed to this relationship</description><name>success</name></relationships><state>RUNNING</state><style/><supportsEventDriven>true</supportsEventDriven><supportsParallelProcessing>true</supportsParallelProcessing><type>org.apache.nifi.processors.standard.LogAttribute</type></processors><processors><id>41861b69-9438-42d9-8180-172bcd5e39f8</id><parentGroupId>7348553d-4836-4622-82ce-09d3d1ffa88c</parentGroupId><position><x>1201.999978085227</x><y>603.9999851245597</y></position><config><bulletinLevel>WARN</bulletinLevel><comments></comments><concurrentlySchedulableTaskCount>1</concurrentlySchedulableTaskCount><defaultConcurrentTasks><entry><key>TIMER_DRIVEN</key><value>1</value></entry><entry><key>EVENT_DRIVEN</key><value>0</value></entry><entry><key>CRON_DRIVEN</key><value>1</value></entry></defaultConcurrentTasks><defaultSchedulingPeriod><entry><key>TIMER_DRIVEN</key><value>0 sec</value></entry><entry><key>CRON_DRIVEN</key><value>* * * * * ?</value></entry></defaultSchedulingPeriod><descriptors><entry><key>Mode</key><value><allowableValues><displayName>compress</displayName><value>compress</value></allowableValues><allowableValues><displayName>decompress</displayName><value>decompress</value></allowableValues><defaultValue>compress</defaultValue><description>Indicates whether the processor should compress content or decompress content. Must be either 'compress' or 'decompress'</description><displayName>Mode</displayName><dynamic>false</dynamic><name>Mode</name><required>true</required><sensitive>false</sensitive><supportsEl>false</supportsEl></value></entry><entry><key>Compression Format</key><value><allowableValues><displayName>use mime.type attribute</displayName><value>use mime.type attribute</value></allowableValues><allowableValues><displayName>gzip</displayName><value>gzip</value></allowableValues><allowableValues><displayName>bzip2</displayName><value>bzip2</value></allowableValues><allowableValues><displayName>xz-lzma2</displayName><value>xz-lzma2</value></allowableValues><allowableValues><displayName>lzma</displayName><value>lzma</value></allowableValues><defaultValue>use mime.type attribute</defaultValue><description>The compression format to use. Valid values are: GZIP, BZIP2, XZ-LZMA2, and LZMA</description><displayName>Compression Format</displayName><dynamic>false</dynamic><name>Compression Format</name><required>true</required><sensitive>false</sensitive><supportsEl>false</supportsEl></value></entry><entry><key>Compression Level</key><value><allowableValues><displayName>0</displayName><value>0</value></allowableValues><allowableValues><displayName>1</displayName><value>1</value></allowableValues><allowableValues><displayName>2</displayName><value>2</value></allowableValues><allowableValues><displayName>3</displayName><value>3</value></allowableValues><allowableValues><displayName>4</displayName><value>4</value></allowableValues><allowableValues><displayName>5</displayName><value>5</value></allowableValues><allowableValues><displayName>6</displayName><value>6</value></allowableValues><allowableValues><displayName>7</displayName><value>7</value></allowableValues><allowableValues><displayName>8</displayName><value>8</value></allowableValues><allowableValues><displayName>9</displayName><value>9</value></allowableValues><defaultValue>1</defaultValue><description>The compression level to use; this is valid only when using GZIP compression. A lower value results in faster processing but less compression; a value of 0 indicates no compression but simply archiving</description><displayName>Compression Level</displayName><dynamic>false</dynamic><name>Compression Level</name><required>true</required><sensitive>false</sensitive><supportsEl>false</supportsEl></value></entry><entry><key>Update Filename</key><value><allowableValues><displayName>true</displayName><value>true</value></allowableValues><allowableValues><displayName>false</displayName><value>false</value></allowableValues><defaultValue>false</defaultValue><description>If true, will remove the filename extension when decompressing data (only if the extension indicates the appropriate compression format) and add the appropriate extension when compressing data</description><displayName>Update Filename</displayName><dynamic>false</dynamic><name>Update Filename</name><required>true</required><sensitive>false</sensitive><supportsEl>false</supportsEl></value></entry></descriptors><lossTolerant>false</lossTolerant><penaltyDuration>30 sec</penaltyDuration><properties><entry><key>Mode</key><value>decompress</value></entry><entry><key>Compression Format</key><value>gzip</value></entry><entry><key>Compression Level</key></entry><entry><key>Update Filename</key></entry></properties><runDurationMillis>0</runDurationMillis><schedulingPeriod>0 sec</schedulingPeriod><schedulingStrategy>TIMER_DRIVEN</schedulingStrategy><yieldDuration>1 sec</yieldDuration></config><name>Uncompress GZIP</name><relationships><autoTerminate>false</autoTerminate><description>FlowFiles will be transferred to the failure relationship if they fail to compress/decompress</description><name>failure</name></relationships><relationships><autoTerminate>false</autoTerminate><description>FlowFiles will be transferred to the success relationship after successfully being compressed or decompressed</description><name>success</name></relationships><state>RUNNING</state><style/><supportsEventDriven>true</supportsEventDriven><supportsParallelProcessing>true</supportsParallelProcessing><type>org.apache.nifi.processors.standard.CompressContent</type></processors></snippet><timestamp>08/19/2015 15:47:01 UTC</timestamp></template>