<?xml version="1.0" encoding="UTF-8" standalone="yes"?><template><description>This template illustrates how to use the ExecuteScript processor with Groovy to perform JSON-to-JSON transformations</description><name>GroovyJsonToJsonExample</name><snippet><connections><id>09e8aa98-c9b8-43f0-afbd-513f1d417061</id><parentGroupId>67fb1165-c100-47df-bde3-aa0a4f57af67</parentGroupId><backPressureDataSizeThreshold>0 MB</backPressureDataSizeThreshold><backPressureObjectThreshold>0</backPressureObjectThreshold><destination><groupId>67fb1165-c100-47df-bde3-aa0a4f57af67</groupId><id>8e8aa799-d1ab-4f97-ab35-b06a5a104ae2</id><type>PROCESSOR</type></destination><flowFileExpiration>0 sec</flowFileExpiration><labelIndex>1</labelIndex><name></name><selectedRelationships>success</selectedRelationships><source><groupId>67fb1165-c100-47df-bde3-aa0a4f57af67</groupId><id>b52a6649-9570-4db5-8541-d5c0302007c0</id><type>PROCESSOR</type></source><zIndex>0</zIndex></connections><connections><id>b032a9c3-c1d7-4e62-9646-25fe680a0957</id><parentGroupId>67fb1165-c100-47df-bde3-aa0a4f57af67</parentGroupId><backPressureDataSizeThreshold>0 MB</backPressureDataSizeThreshold><backPressureObjectThreshold>0</backPressureObjectThreshold><destination><groupId>67fb1165-c100-47df-bde3-aa0a4f57af67</groupId><id>13b95f46-0fd8-476e-8c36-364f42aedb95</id><type>PROCESSOR</type></destination><flowFileExpiration>0 sec</flowFileExpiration><labelIndex>1</labelIndex><name></name><selectedRelationships>success</selectedRelationships><source><groupId>67fb1165-c100-47df-bde3-aa0a4f57af67</groupId><id>8e8aa799-d1ab-4f97-ab35-b06a5a104ae2</id><type>PROCESSOR</type></source><zIndex>0</zIndex></connections><connections><id>78269281-c4c0-4a33-9016-9db64260d55b</id><parentGroupId>67fb1165-c100-47df-bde3-aa0a4f57af67</parentGroupId><backPressureDataSizeThreshold>0 MB</backPressureDataSizeThreshold><backPressureObjectThreshold>0</backPressureObjectThreshold><destination><groupId>67fb1165-c100-47df-bde3-aa0a4f57af67</groupId><id>b52a6649-9570-4db5-8541-d5c0302007c0</id><type>PROCESSOR</type></destination><flowFileExpiration>0 sec</flowFileExpiration><labelIndex>1</labelIndex><name></name><selectedRelationships>success</selectedRelationships><source><groupId>67fb1165-c100-47df-bde3-aa0a4f57af67</groupId><id>1850baea-ee67-4f67-88e3-8247b50ad722</id><type>PROCESSOR</type></source><zIndex>0</zIndex></connections><connections><id>c9c8f320-5db0-42e9-b5c4-f66480bb7a60</id><parentGroupId>67fb1165-c100-47df-bde3-aa0a4f57af67</parentGroupId><backPressureDataSizeThreshold>0 MB</backPressureDataSizeThreshold><backPressureObjectThreshold>0</backPressureObjectThreshold><destination><groupId>67fb1165-c100-47df-bde3-aa0a4f57af67</groupId><id>704217df-488e-4229-bacc-f613fdab76fa</id><type>PROCESSOR</type></destination><flowFileExpiration>0 sec</flowFileExpiration><labelIndex>1</labelIndex><name></name><selectedRelationships>success</selectedRelationships><source><groupId>67fb1165-c100-47df-bde3-aa0a4f57af67</groupId><id>13b95f46-0fd8-476e-8c36-364f42aedb95</id><type>PROCESSOR</type></source><zIndex>0</zIndex></connections><processors><id>704217df-488e-4229-bacc-f613fdab76fa</id><parentGroupId>67fb1165-c100-47df-bde3-aa0a4f57af67</parentGroupId><position><x>612.0</x><y>500.0</y></position><config><bulletinLevel>WARN</bulletinLevel><comments></comments><concurrentlySchedulableTaskCount>1</concurrentlySchedulableTaskCount><defaultConcurrentTasks><entry><key>TIMER_DRIVEN</key><value>1</value></entry><entry><key>EVENT_DRIVEN</key><value>0</value></entry><entry><key>CRON_DRIVEN</key><value>1</value></entry></defaultConcurrentTasks><defaultSchedulingPeriod><entry><key>TIMER_DRIVEN</key><value>0 sec</value></entry><entry><key>CRON_DRIVEN</key><value>* * * * * ?</value></entry></defaultSchedulingPeriod><descriptors><entry><key>Directory</key><value><description>The directory to which files should be written. You may use expression language such as /aa/bb/${path}</description><displayName>Directory</displayName><dynamic>false</dynamic><name>Directory</name><required>true</required><sensitive>false</sensitive><supportsEl>true</supportsEl></value></entry><entry><key>Conflict Resolution Strategy</key><value><allowableValues><displayName>replace</displayName><value>replace</value></allowableValues><allowableValues><displayName>ignore</displayName><value>ignore</value></allowableValues><allowableValues><displayName>fail</displayName><value>fail</value></allowableValues><defaultValue>fail</defaultValue><description>Indicates what should happen when a file with the same name already exists in the output directory</description><displayName>Conflict Resolution Strategy</displayName><dynamic>false</dynamic><name>Conflict Resolution Strategy</name><required>true</required><sensitive>false</sensitive><supportsEl>false</supportsEl></value></entry><entry><key>Create Missing Directories</key><value><allowableValues><displayName>true</displayName><value>true</value></allowableValues><allowableValues><displayName>false</displayName><value>false</value></allowableValues><defaultValue>true</defaultValue><description>If true, then missing destination directories will be created. If false, flowfiles are penalized and sent to failure.</description><displayName>Create Missing Directories</displayName><dynamic>false</dynamic><name>Create Missing Directories</name><required>true</required><sensitive>false</sensitive><supportsEl>false</supportsEl></value></entry><entry><key>Maximum File Count</key><value><description>Specifies the maximum number of files that can exist in the output directory</description><displayName>Maximum File Count</displayName><dynamic>false</dynamic><name>Maximum File Count</name><required>false</required><sensitive>false</sensitive><supportsEl>false</supportsEl></value></entry><entry><key>Last Modified Time</key><value><description>Sets the lastModifiedTime on the output file to the value of this attribute.  Format must be yyyy-MM-dd'T'HH:mm:ssZ.  You may also use expression language such as ${file.lastModifiedTime}.</description><displayName>Last Modified Time</displayName><dynamic>false</dynamic><name>Last Modified Time</name><required>false</required><sensitive>false</sensitive><supportsEl>true</supportsEl></value></entry><entry><key>Permissions</key><value><description>Sets the permissions on the output file to the value of this attribute.  Format must be either UNIX rwxrwxrwx with a - in place of denied permissions (e.g. rw-r--r--) or an octal number (e.g. 644).  You may also use expression language such as ${file.permissions}.</description><displayName>Permissions</displayName><dynamic>false</dynamic><name>Permissions</name><required>false</required><sensitive>false</sensitive><supportsEl>true</supportsEl></value></entry><entry><key>Owner</key><value><description>Sets the owner on the output file to the value of this attribute.  You may also use expression language such as ${file.owner}.</description><displayName>Owner</displayName><dynamic>false</dynamic><name>Owner</name><required>false</required><sensitive>false</sensitive><supportsEl>true</supportsEl></value></entry><entry><key>Group</key><value><description>Sets the group on the output file to the value of this attribute.  You may also use expression language such as ${file.group}.</description><displayName>Group</displayName><dynamic>false</dynamic><name>Group</name><required>false</required><sensitive>false</sensitive><supportsEl>true</supportsEl></value></entry></descriptors><lossTolerant>false</lossTolerant><penaltyDuration>30 sec</penaltyDuration><properties><entry><key>Directory</key><value>/Users/mburgess/tmp</value></entry><entry><key>Conflict Resolution Strategy</key><value>replace</value></entry><entry><key>Create Missing Directories</key></entry><entry><key>Maximum File Count</key></entry><entry><key>Last Modified Time</key></entry><entry><key>Permissions</key></entry><entry><key>Owner</key></entry><entry><key>Group</key></entry></properties><runDurationMillis>0</runDurationMillis><schedulingPeriod>0 sec</schedulingPeriod><schedulingStrategy>TIMER_DRIVEN</schedulingStrategy><yieldDuration>1 sec</yieldDuration></config><name>PutFile</name><relationships><autoTerminate>true</autoTerminate><description>Files that could not be written to the output directory for some reason are transferred to this relationship</description><name>failure</name></relationships><relationships><autoTerminate>true</autoTerminate><description>Files that have been successfully written to the output directory are transferred to this relationship</description><name>success</name></relationships><state>STOPPED</state><style/><supportsEventDriven>false</supportsEventDriven><supportsParallelProcessing>true</supportsParallelProcessing><type>org.apache.nifi.processors.standard.PutFile</type></processors><processors><id>13b95f46-0fd8-476e-8c36-364f42aedb95</id><parentGroupId>67fb1165-c100-47df-bde3-aa0a4f57af67</parentGroupId><position><x>610.0</x><y>300.0</y></position><config><bulletinLevel>WARN</bulletinLevel><comments></comments><concurrentlySchedulableTaskCount>1</concurrentlySchedulableTaskCount><defaultConcurrentTasks><entry><key>TIMER_DRIVEN</key><value>1</value></entry><entry><key>EVENT_DRIVEN</key><value>0</value></entry><entry><key>CRON_DRIVEN</key><value>1</value></entry></defaultConcurrentTasks><defaultSchedulingPeriod><entry><key>TIMER_DRIVEN</key><value>0 sec</value></entry><entry><key>CRON_DRIVEN</key><value>* * * * * ?</value></entry></defaultSchedulingPeriod><descriptors><entry><key>Script Engine</key><value><allowableValues><displayName>ECMAScript</displayName><value>ECMAScript</value></allowableValues><allowableValues><displayName>Groovy</displayName><value>Groovy</value></allowableValues><allowableValues><displayName>lua</displayName><value>lua</value></allowableValues><allowableValues><displayName>python</displayName><value>python</value></allowableValues><allowableValues><displayName>ruby</displayName><value>ruby</value></allowableValues><defaultValue>ECMAScript</defaultValue><description>The engine to execute scripts</description><displayName>Script Engine</displayName><dynamic>false</dynamic><name>Script Engine</name><required>true</required><sensitive>false</sensitive><supportsEl>false</supportsEl></value></entry><entry><key>Script File</key><value><description>Path to script file to execute. Only one of Script File or Script Body may be used</description><displayName>Script File</displayName><dynamic>false</dynamic><name>Script File</name><required>false</required><sensitive>false</sensitive><supportsEl>true</supportsEl></value></entry><entry><key>Script Body</key><value><description>Body of script to execute. Only one of Script File or Script Body may be used</description><displayName>Script Body</displayName><dynamic>false</dynamic><name>Script Body</name><required>false</required><sensitive>false</sensitive><supportsEl>false</supportsEl></value></entry><entry><key>Module Directory</key><value><description>Comma-separated list of paths to files and/or directories which contain modules required by the script.</description><displayName>Module Directory</displayName><dynamic>false</dynamic><name>Module Directory</name><required>false</required><sensitive>false</sensitive><supportsEl>false</supportsEl></value></entry></descriptors><lossTolerant>false</lossTolerant><penaltyDuration>30 sec</penaltyDuration><properties><entry><key>Script Engine</key><value>Groovy</value></entry><entry><key>Script File</key></entry><entry><key>Script Body</key><value>import org.apache.commons.io.IOUtils
import java.nio.charset.*

def flowFile = session.get();
if (flowFile == null) {
    return;
}
def slurper = new groovy.json.JsonSlurper()

flowFile = session.write(flowFile,
        { inputStream, outputStream -&gt;
            def text = IOUtils.toString(inputStream, StandardCharsets.UTF_8)
            def obj = slurper.parseText(text)
   	    def builder = new groovy.json.JsonBuilder()
		builder.call { 
  		   'Range' 5 
  		   'Rating' &quot;${obj.rating.primary.value}&quot;
  		   'SecondaryRatings' {
      			obj.rating.findAll {it.key != &quot;primary&quot;}.each {k,v -&gt;
         		   &quot;$k&quot; {
             		   	'Id' &quot;$k&quot;
             		   	'Range' 5
             		   	'Value' v.value
         		   }
      		   	}
  		   }
	   }
           outputStream.write(builder.toPrettyString().getBytes(StandardCharsets.UTF_8)) 
        } as StreamCallback)
flowFile = session.putAttribute(flowFile, &quot;filename&quot;, flowFile.getAttribute('filename').tokenize('.')[0]+'_translated.json')
session.transfer(flowFile, ExecuteScript.REL_SUCCESS)</value></entry><entry><key>Module Directory</key></entry></properties><runDurationMillis>0</runDurationMillis><schedulingPeriod>0 sec</schedulingPeriod><schedulingStrategy>TIMER_DRIVEN</schedulingStrategy><yieldDuration>1 sec</yieldDuration></config><name>JSON-to-JSON conversion</name><relationships><autoTerminate>true</autoTerminate><description>FlowFiles that failed to be processed</description><name>failure</name></relationships><relationships><autoTerminate>false</autoTerminate><description>FlowFiles that were successfully processed</description><name>success</name></relationships><state>STOPPED</state><style/><supportsEventDriven>false</supportsEventDriven><supportsParallelProcessing>false</supportsParallelProcessing><type>org.apache.nifi.processors.script.ExecuteScript</type></processors><processors><id>8e8aa799-d1ab-4f97-ab35-b06a5a104ae2</id><parentGroupId>67fb1165-c100-47df-bde3-aa0a4f57af67</parentGroupId><position><x>614.0979461669922</x><y>134.66497802734375</y></position><config><bulletinLevel>WARN</bulletinLevel><comments></comments><concurrentlySchedulableTaskCount>1</concurrentlySchedulableTaskCount><defaultConcurrentTasks><entry><key>TIMER_DRIVEN</key><value>1</value></entry><entry><key>EVENT_DRIVEN</key><value>0</value></entry><entry><key>CRON_DRIVEN</key><value>1</value></entry></defaultConcurrentTasks><defaultSchedulingPeriod><entry><key>TIMER_DRIVEN</key><value>0 sec</value></entry><entry><key>CRON_DRIVEN</key><value>* * * * * ?</value></entry></defaultSchedulingPeriod><descriptors><entry><key>Delete Attributes Expression</key><value><description>Regular expression for attributes to be deleted from flowfiles.</description><displayName>Delete Attributes Expression</displayName><dynamic>false</dynamic><name>Delete Attributes Expression</name><required>false</required><sensitive>false</sensitive><supportsEl>true</supportsEl></value></entry><entry><key>filename</key><value><description></description><displayName>filename</displayName><dynamic>true</dynamic><name>filename</name><required>false</required><sensitive>false</sensitive><supportsEl>true</supportsEl></value></entry></descriptors><lossTolerant>false</lossTolerant><penaltyDuration>30 sec</penaltyDuration><properties><entry><key>Delete Attributes Expression</key></entry><entry><key>filename</key><value>input.json</value></entry></properties><runDurationMillis>0</runDurationMillis><schedulingPeriod>0 sec</schedulingPeriod><schedulingStrategy>TIMER_DRIVEN</schedulingStrategy><yieldDuration>1 sec</yieldDuration></config><name>Add dummy filename</name><relationships><autoTerminate>false</autoTerminate><description>All FlowFiles are routed to this relationship</description><name>success</name></relationships><state>STOPPED</state><style/><supportsEventDriven>true</supportsEventDriven><supportsParallelProcessing>true</supportsParallelProcessing><type>org.apache.nifi.processors.attributes.UpdateAttribute</type></processors><processors><id>b52a6649-9570-4db5-8541-d5c0302007c0</id><parentGroupId>67fb1165-c100-47df-bde3-aa0a4f57af67</parentGroupId><position><x>611.0</x><y>-24.0</y></position><config><bulletinLevel>WARN</bulletinLevel><comments></comments><concurrentlySchedulableTaskCount>1</concurrentlySchedulableTaskCount><defaultConcurrentTasks><entry><key>TIMER_DRIVEN</key><value>1</value></entry><entry><key>EVENT_DRIVEN</key><value>0</value></entry><entry><key>CRON_DRIVEN</key><value>1</value></entry></defaultConcurrentTasks><defaultSchedulingPeriod><entry><key>TIMER_DRIVEN</key><value>0 sec</value></entry><entry><key>CRON_DRIVEN</key><value>* * * * * ?</value></entry></defaultSchedulingPeriod><descriptors><entry><key>Regular Expression</key><value><defaultValue>(?s:^.*$)</defaultValue><description>The Search Value to search for in the FlowFile content. Only used for 'Literal Replace' and 'Regex Replace' matching strategies</description><displayName>Search Value</displayName><dynamic>false</dynamic><name>Regular Expression</name><required>true</required><sensitive>false</sensitive><supportsEl>true</supportsEl></value></entry><entry><key>Replacement Value</key><value><defaultValue>$1</defaultValue><description>The value to insert using the 'Replacement Strategy'. Using &quot;Regex Replace&quot; back-references to Regular Expression capturing groups are supported, but back-references that reference capturing groups that do not exist in the regular expression will be treated as literal value. Back References may also be referenced using the Expression Language, as '$1', '$2', etc. The single-tick marks MUST be included, as these variables are not &quot;Standard&quot; attribute names (attribute names must be quoted unless they contain only numbers, letters, and _).</description><displayName>Replacement Value</displayName><dynamic>false</dynamic><name>Replacement Value</name><required>true</required><sensitive>false</sensitive><supportsEl>true</supportsEl></value></entry><entry><key>Character Set</key><value><defaultValue>UTF-8</defaultValue><description>The Character Set in which the file is encoded</description><displayName>Character Set</displayName><dynamic>false</dynamic><name>Character Set</name><required>true</required><sensitive>false</sensitive><supportsEl>false</supportsEl></value></entry><entry><key>Maximum Buffer Size</key><value><defaultValue>1 MB</defaultValue><description>Specifies the maximum amount of data to buffer (per file or per line, depending on the Evaluation Mode) in order to apply the replacement. If 'Entire Text' (in Evaluation Mode) is selected and the FlowFile is larger than this value, the FlowFile will be routed to 'failure'. In 'Line-by-Line' Mode, if a single line is larger than this value, the FlowFile will be routed to 'failure'. A default value of 1 MB is provided, primarily for 'Entire Text' mode. In 'Line-by-Line' Mode, a value such as 8 KB or 16 KB is suggested. This value is ignored if the &lt;Replacement Strategy&gt; property is set to one of: Append, Prepend, Always Replace</description><displayName>Maximum Buffer Size</displayName><dynamic>false</dynamic><name>Maximum Buffer Size</name><required>true</required><sensitive>false</sensitive><supportsEl>false</supportsEl></value></entry><entry><key>Replacement Strategy</key><value><allowableValues><description>Insert the Replacement Value at the beginning of the FlowFile or the beginning of each line (depending on the Evaluation Mode). For &quot;Line-by-Line&quot; Evaluation Mode, the value will be prepended to each line. For &quot;Entire Text&quot; evaluation mode, the value will be prepended to the entire text.</description><displayName>Prepend</displayName><value>Prepend</value></allowableValues><allowableValues><description>Insert the Replacement Value at the end of the FlowFile or the end of each line (depending on the Evluation Mode). For &quot;Line-by-Line&quot; Evaluation Mode, the value will be appended to each line. For &quot;Entire Text&quot; evaluation mode, the value will be appended to the entire text.</description><displayName>Append</displayName><value>Append</value></allowableValues><allowableValues><description>Interpret the Search Value as a Regular Expression and replace all matches with the Replacement Value. The Replacement Value may reference Capturing Groups used in the Search Value by using a dollar-sign followed by the Capturing Group number, such as $1 or $2. If the Search Value is set to .* then everything is replaced without even evaluating the Regular Expression.</description><displayName>Regex Replace</displayName><value>Regex Replace</value></allowableValues><allowableValues><description>Search for all instances of the Search Value and replace the matches with the Replacement Value.</description><displayName>Literal Replace</displayName><value>Literal Replace</value></allowableValues><allowableValues><description>Always replaces the entire line or the entire contents of the FlowFile (depending on the value of the &lt;Evaluation Mode&gt; property) and does not bother searching for any value. When this strategy is chosen, the &lt;Search Value&gt; property is ignored.</description><displayName>Always Replace</displayName><value>Always Replace</value></allowableValues><defaultValue>Regex Replace</defaultValue><description>The strategy for how and what to replace within the FlowFile's text content.</description><displayName>Replacement Strategy</displayName><dynamic>false</dynamic><name>Replacement Strategy</name><required>true</required><sensitive>false</sensitive><supportsEl>false</supportsEl></value></entry><entry><key>Evaluation Mode</key><value><allowableValues><displayName>Line-by-Line</displayName><value>Line-by-Line</value></allowableValues><allowableValues><displayName>Entire text</displayName><value>Entire text</value></allowableValues><defaultValue>Entire text</defaultValue><description>Run the 'Replacement Strategy' against each line separately (Line-by-Line) or buffer the entire file into memory (Entire Text) and run against that.</description><displayName>Evaluation Mode</displayName><dynamic>false</dynamic><name>Evaluation Mode</name><required>true</required><sensitive>false</sensitive><supportsEl>false</supportsEl></value></entry></descriptors><lossTolerant>false</lossTolerant><penaltyDuration>30 sec</penaltyDuration><properties><entry><key>Regular Expression</key></entry><entry><key>Replacement Value</key><value>{
	&quot;rating&quot;: {
		&quot;primary&quot;: {
			&quot;value&quot;: 3
		},
		&quot;quality&quot;: {
			&quot;value&quot;: 3
		},
		&quot;metric&quot;: {
			&quot;value&quot;: 6
		}
	}
}</value></entry><entry><key>Character Set</key></entry><entry><key>Maximum Buffer Size</key></entry><entry><key>Replacement Strategy</key></entry><entry><key>Evaluation Mode</key></entry></properties><runDurationMillis>0</runDurationMillis><schedulingPeriod>0 sec</schedulingPeriod><schedulingStrategy>TIMER_DRIVEN</schedulingStrategy><yieldDuration>1 sec</yieldDuration></config><name>Set JSON contents</name><relationships><autoTerminate>true</autoTerminate><description>FlowFiles that could not be updated are routed to this relationship</description><name>failure</name></relationships><relationships><autoTerminate>false</autoTerminate><description>FlowFiles that have been successfully processed are routed to this relationship. This includes both FlowFiles that had text replaced and those that did not.</description><name>success</name></relationships><state>STOPPED</state><style/><supportsEventDriven>true</supportsEventDriven><supportsParallelProcessing>true</supportsParallelProcessing><type>org.apache.nifi.processors.standard.ReplaceText</type></processors><processors><id>1850baea-ee67-4f67-88e3-8247b50ad722</id><parentGroupId>67fb1165-c100-47df-bde3-aa0a4f57af67</parentGroupId><position><x>614.0</x><y>-189.0</y></position><config><bulletinLevel>WARN</bulletinLevel><comments></comments><concurrentlySchedulableTaskCount>1</concurrentlySchedulableTaskCount><defaultConcurrentTasks><entry><key>TIMER_DRIVEN</key><value>1</value></entry><entry><key>EVENT_DRIVEN</key><value>0</value></entry><entry><key>CRON_DRIVEN</key><value>1</value></entry></defaultConcurrentTasks><defaultSchedulingPeriod><entry><key>TIMER_DRIVEN</key><value>0 sec</value></entry><entry><key>CRON_DRIVEN</key><value>* * * * * ?</value></entry></defaultSchedulingPeriod><descriptors><entry><key>File Size</key><value><description>The size of the file that will be used</description><displayName>File Size</displayName><dynamic>false</dynamic><name>File Size</name><required>true</required><sensitive>false</sensitive><supportsEl>false</supportsEl></value></entry><entry><key>Batch Size</key><value><defaultValue>1</defaultValue><description>The number of FlowFiles to be transferred in each invocation</description><displayName>Batch Size</displayName><dynamic>false</dynamic><name>Batch Size</name><required>true</required><sensitive>false</sensitive><supportsEl>false</supportsEl></value></entry><entry><key>Data Format</key><value><allowableValues><displayName>Binary</displayName><value>Binary</value></allowableValues><allowableValues><displayName>Text</displayName><value>Text</value></allowableValues><defaultValue>Binary</defaultValue><description>Specifies whether the data should be Text or Binary</description><displayName>Data Format</displayName><dynamic>false</dynamic><name>Data Format</name><required>true</required><sensitive>false</sensitive><supportsEl>false</supportsEl></value></entry><entry><key>Unique FlowFiles</key><value><allowableValues><displayName>true</displayName><value>true</value></allowableValues><allowableValues><displayName>false</displayName><value>false</value></allowableValues><defaultValue>false</defaultValue><description>If true, each FlowFile that is generated will be unique. If false, a random value will be generated and all FlowFiles will get the same content but this offers much higher throughput</description><displayName>Unique FlowFiles</displayName><dynamic>false</dynamic><name>Unique FlowFiles</name><required>true</required><sensitive>false</sensitive><supportsEl>false</supportsEl></value></entry></descriptors><lossTolerant>false</lossTolerant><penaltyDuration>30 sec</penaltyDuration><properties><entry><key>File Size</key><value>0B</value></entry><entry><key>Batch Size</key></entry><entry><key>Data Format</key><value>Text</value></entry><entry><key>Unique FlowFiles</key></entry></properties><runDurationMillis>0</runDurationMillis><schedulingPeriod>5 sec</schedulingPeriod><schedulingStrategy>TIMER_DRIVEN</schedulingStrategy><yieldDuration>1 sec</yieldDuration></config><name>Empty FlowFile</name><relationships><autoTerminate>false</autoTerminate><description></description><name>success</name></relationships><state>STOPPED</state><style/><supportsEventDriven>false</supportsEventDriven><supportsParallelProcessing>true</supportsParallelProcessing><type>org.apache.nifi.processors.standard.GenerateFlowFile</type></processors></snippet><timestamp>02/10/2016 10:48:37 EST</timestamp></template>