<?xml version="1.0" encoding="UTF-8" standalone="yes"?><template><description>An Ad Hoc web service that &quot;enriches&quot; a request to port 8011 with a NiFi greeting utilizing HandleHttpRequest, HandleHttpResponse and the StandardHttpContextMap controller service</description><name>Hello NiFi Web Service</name><snippet><controllerServices><id>b369d993-48ae-4c0e-925b-ffd48846b1a5</id><comments></comments><descriptors><entry><key>Maximum Outstanding Requests</key><value><defaultValue>5000</defaultValue><description>The maximum number of HTTP requests that can be outstanding at any one time. Any attempt to register an additional HTTP Request will cause an error</description><displayName>Maximum Outstanding Requests</displayName><dynamic>false</dynamic><name>Maximum Outstanding Requests</name><required>true</required><sensitive>false</sensitive><supportsEl>false</supportsEl></value></entry><entry><key>Request Expiration</key><value><defaultValue>1 min</defaultValue><description>Specifies how long an HTTP Request should be left unanswered before being evicted from the cache and being responded to with a Service Unavailable status code</description><displayName>Request Expiration</displayName><dynamic>false</dynamic><name>Request Expiration</name><required>true</required><sensitive>false</sensitive><supportsEl>false</supportsEl></value></entry></descriptors><name>StandardHttpContextMap</name><properties><entry><key>Maximum Outstanding Requests</key></entry><entry><key>Request Expiration</key></entry></properties><referencingComponents><activeThreadCount>0</activeThreadCount><descriptors><entry><key>HTTP Status Code</key><value><description>The HTTP Status Code to use when responding to the HTTP Request. See Section 10 of RFC 2616 for more information.</description><displayName>HTTP Status Code</displayName><dynamic>false</dynamic><name>HTTP Status Code</name><required>true</required><sensitive>false</sensitive><supportsEl>true</supportsEl></value></entry><entry><key>HTTP Context Map</key><value><allowableValues><displayName>StandardHttpContextMap</displayName><value>5226ab8a-5fbc-42c8-83b9-e128c78a39b8</value></allowableValues><allowableValues><displayName>StandardHttpContextMap</displayName><value>b369d993-48ae-4c0e-925b-ffd48846b1a5</value></allowableValues><allowableValues><displayName>StandardHttpContextMap</displayName><value>95c7b438-926d-4f74-9d50-50a8bfaeb46b</value></allowableValues><allowableValues><displayName>StandardHttpContextMap</displayName><value>e9582be0-5cbf-4d42-832d-bb12aa787f92</value></allowableValues><description>The HTTP Context Map Controller Service to use for caching the HTTP Request Information</description><displayName>HTTP Context Map</displayName><dynamic>false</dynamic><identifiesControllerService>org.apache.nifi.http.HttpContextMap</identifiesControllerService><name>HTTP Context Map</name><required>true</required><sensitive>false</sensitive><supportsEl>false</supportsEl></value></entry></descriptors><groupId>a57d7d2a-86bd-4b43-b611-558b2346303e</groupId><id>f3311380-d1aa-4c00-921c-79be8ca48e4e</id><name>Respond with enriched data</name><properties><entry><key>HTTP Status Code</key><value>200</value></entry><entry><key>HTTP Context Map</key><value>b369d993-48ae-4c0e-925b-ffd48846b1a5</value></entry></properties><referenceType>Processor</referenceType><state>RUNNING</state><type>org.apache.nifi.processors.standard.HandleHttpResponse</type></referencingComponents><referencingComponents><activeThreadCount>0</activeThreadCount><descriptors><entry><key>Listening Port</key><value><defaultValue>80</defaultValue><description>The Port to listen on for incoming HTTP requests</description><displayName>Listening Port</displayName><dynamic>false</dynamic><name>Listening Port</name><required>true</required><sensitive>false</sensitive><supportsEl>false</supportsEl></value></entry><entry><key>Hostname</key><value><description>The Hostname to bind to. If not specified, will bind to all hosts</description><displayName>Hostname</displayName><dynamic>false</dynamic><name>Hostname</name><required>false</required><sensitive>false</sensitive><supportsEl>false</supportsEl></value></entry><entry><key>SSL Context Service</key><value><description>The SSL Context Service to use in order to secure the server. If specified, the server will accept only HTTPS requests; otherwise, the server will accept only HTTP requests</description><displayName>SSL Context Service</displayName><dynamic>false</dynamic><identifiesControllerService>org.apache.nifi.ssl.SSLContextService</identifiesControllerService><name>SSL Context Service</name><required>false</required><sensitive>false</sensitive><supportsEl>false</supportsEl></value></entry><entry><key>HTTP Context Map</key><value><allowableValues><displayName>StandardHttpContextMap</displayName><value>5226ab8a-5fbc-42c8-83b9-e128c78a39b8</value></allowableValues><allowableValues><displayName>StandardHttpContextMap</displayName><value>b369d993-48ae-4c0e-925b-ffd48846b1a5</value></allowableValues><allowableValues><displayName>StandardHttpContextMap</displayName><value>95c7b438-926d-4f74-9d50-50a8bfaeb46b</value></allowableValues><allowableValues><displayName>StandardHttpContextMap</displayName><value>e9582be0-5cbf-4d42-832d-bb12aa787f92</value></allowableValues><description>The HTTP Context Map Controller Service to use for caching the HTTP Request Information</description><displayName>HTTP Context Map</displayName><dynamic>false</dynamic><identifiesControllerService>org.apache.nifi.http.HttpContextMap</identifiesControllerService><name>HTTP Context Map</name><required>true</required><sensitive>false</sensitive><supportsEl>false</supportsEl></value></entry><entry><key>Allowed Paths</key><value><description>A Regular Expression that specifies the valid HTTP Paths that are allowed in the incoming URL Requests. If this value is specified and the path of the HTTP Requests does not match this Regular Expression, the Processor will respond with a 404: NotFound</description><displayName>Allowed Paths</displayName><dynamic>false</dynamic><name>Allowed Paths</name><required>false</required><sensitive>false</sensitive><supportsEl>false</supportsEl></value></entry><entry><key>Default URL Character Set</key><value><defaultValue>UTF-8</defaultValue><description>The character set to use for decoding URL parameters if the HTTP Request does not supply one</description><displayName>Default URL Character Set</displayName><dynamic>false</dynamic><name>Default URL Character Set</name><required>true</required><sensitive>false</sensitive><supportsEl>false</supportsEl></value></entry><entry><key>Allow GET</key><value><allowableValues><displayName>true</displayName><value>true</value></allowableValues><allowableValues><displayName>false</displayName><value>false</value></allowableValues><defaultValue>true</defaultValue><description>Allow HTTP GET Method</description><displayName>Allow GET</displayName><dynamic>false</dynamic><name>Allow GET</name><required>true</required><sensitive>false</sensitive><supportsEl>false</supportsEl></value></entry><entry><key>Allow POST</key><value><allowableValues><displayName>true</displayName><value>true</value></allowableValues><allowableValues><displayName>false</displayName><value>false</value></allowableValues><defaultValue>true</defaultValue><description>Allow HTTP POST Method</description><displayName>Allow POST</displayName><dynamic>false</dynamic><name>Allow POST</name><required>true</required><sensitive>false</sensitive><supportsEl>false</supportsEl></value></entry><entry><key>Allow PUT</key><value><allowableValues><displayName>true</displayName><value>true</value></allowableValues><allowableValues><displayName>false</displayName><value>false</value></allowableValues><defaultValue>true</defaultValue><description>Allow HTTP PUT Method</description><displayName>Allow PUT</displayName><dynamic>false</dynamic><name>Allow PUT</name><required>true</required><sensitive>false</sensitive><supportsEl>false</supportsEl></value></entry><entry><key>Allow DELETE</key><value><allowableValues><displayName>true</displayName><value>true</value></allowableValues><allowableValues><displayName>false</displayName><value>false</value></allowableValues><defaultValue>true</defaultValue><description>Allow HTTP DELETE Method</description><displayName>Allow DELETE</displayName><dynamic>false</dynamic><name>Allow DELETE</name><required>true</required><sensitive>false</sensitive><supportsEl>false</supportsEl></value></entry><entry><key>Allow HEAD</key><value><allowableValues><displayName>true</displayName><value>true</value></allowableValues><allowableValues><displayName>false</displayName><value>false</value></allowableValues><defaultValue>false</defaultValue><description>Allow HTTP HEAD Method</description><displayName>Allow HEAD</displayName><dynamic>false</dynamic><name>Allow HEAD</name><required>true</required><sensitive>false</sensitive><supportsEl>false</supportsEl></value></entry><entry><key>Allow OPTIONS</key><value><allowableValues><displayName>true</displayName><value>true</value></allowableValues><allowableValues><displayName>false</displayName><value>false</value></allowableValues><defaultValue>false</defaultValue><description>Allow HTTP OPTIONS Method</description><displayName>Allow OPTIONS</displayName><dynamic>false</dynamic><name>Allow OPTIONS</name><required>true</required><sensitive>false</sensitive><supportsEl>false</supportsEl></value></entry><entry><key>Additional HTTP Methods</key><value><description>A comma-separated list of non-standard HTTP Methods that should be allowed</description><displayName>Additional HTTP Methods</displayName><dynamic>false</dynamic><name>Additional HTTP Methods</name><required>false</required><sensitive>false</sensitive><supportsEl>false</supportsEl></value></entry><entry><key>Client Authentication</key><value><allowableValues><description>Processor will not authenticate clients. Anyone can communicate with this Processor anonymously</description><displayName>No Authentication</displayName><value>No Authentication</value></allowableValues><allowableValues><description>Processor will try to verify the client but if unable to verify will allow the client to communicate anonymously</description><displayName>Want Authentication</displayName><value>Want Authentication</value></allowableValues><allowableValues><description>Processor will reject communications from any client unless the client provides a certificate that is trusted by the TrustStorespecified in the SSL Context Service</description><displayName>Need Authentication</displayName><value>Need Authentication</value></allowableValues><defaultValue>No Authentication</defaultValue><description>Specifies whether or not the Processor should authenticate clients. This value is ignored if the &lt;SSL Context Service&gt; Property is not specified or the SSL Context provided uses only a KeyStore and not a TrustStore.</description><displayName>Client Authentication</displayName><dynamic>false</dynamic><name>Client Authentication</name><required>true</required><sensitive>false</sensitive><supportsEl>false</supportsEl></value></entry></descriptors><groupId>a57d7d2a-86bd-4b43-b611-558b2346303e</groupId><id>59c6db74-7fa8-4348-8e75-7b337056571a</id><name>Receive request and data</name><properties><entry><key>Listening Port</key><value>8011</value></entry><entry><key>Hostname</key></entry><entry><key>SSL Context Service</key></entry><entry><key>HTTP Context Map</key><value>b369d993-48ae-4c0e-925b-ffd48846b1a5</value></entry><entry><key>Allowed Paths</key></entry><entry><key>Default URL Character Set</key></entry><entry><key>Allow GET</key></entry><entry><key>Allow POST</key></entry><entry><key>Allow PUT</key></entry><entry><key>Allow DELETE</key></entry><entry><key>Allow HEAD</key></entry><entry><key>Allow OPTIONS</key></entry><entry><key>Additional HTTP Methods</key></entry><entry><key>Client Authentication</key></entry></properties><referenceType>Processor</referenceType><state>RUNNING</state><type>org.apache.nifi.processors.standard.HandleHttpRequest</type></referencingComponents><state>ENABLED</state><type>org.apache.nifi.http.StandardHttpContextMap</type></controllerServices><processGroups><id>a57d7d2a-86bd-4b43-b611-558b2346303e</id><parentGroupId>02db0a1e-d9f2-4026-b808-9729d7a234a1</parentGroupId><position><x>2882.653703607906</x><y>-666.7517834017946</y></position><activeRemotePortCount>0</activeRemotePortCount><comments>An Ad Hoc web service that &quot;enriches&quot; a request to port 8011 with a NiFi greeting utilizing HandleHttpRequest, HandleHttpResponse and the StandardHttpContextMap controller service</comments><contents><connections><id>6fdbca07-2aa5-43df-9ed8-45da67c04190</id><parentGroupId>a57d7d2a-86bd-4b43-b611-558b2346303e</parentGroupId><backPressureDataSizeThreshold>0 MB</backPressureDataSizeThreshold><backPressureObjectThreshold>0</backPressureObjectThreshold><bends><x>808.4437849568985</x><y>321.116547811416</y></bends><bends><x>808.4437849568985</x><y>371.116547811416</y></bends><destination><groupId>a57d7d2a-86bd-4b43-b611-558b2346303e</groupId><id>772077b0-d2a7-4b1f-9ac3-e255772aba31</id><type>PROCESSOR</type></destination><flowFileExpiration>0 sec</flowFileExpiration><labelIndex>1</labelIndex><name></name><selectedRelationships>failure</selectedRelationships><source><groupId>a57d7d2a-86bd-4b43-b611-558b2346303e</groupId><id>772077b0-d2a7-4b1f-9ac3-e255772aba31</id><type>PROCESSOR</type></source><zIndex>0</zIndex></connections><connections><id>c61aa60a-e0f9-4575-b8b5-1a7162438184</id><parentGroupId>a57d7d2a-86bd-4b43-b611-558b2346303e</parentGroupId><backPressureDataSizeThreshold>0 MB</backPressureDataSizeThreshold><backPressureObjectThreshold>0</backPressureObjectThreshold><bends><x>807.000059370961</x><y>525.2178051356348</y></bends><bends><x>807.000059370961</x><y>575.2178051356348</y></bends><destination><groupId>a57d7d2a-86bd-4b43-b611-558b2346303e</groupId><id>f3311380-d1aa-4c00-921c-79be8ca48e4e</id><type>PROCESSOR</type></destination><flowFileExpiration>0 sec</flowFileExpiration><labelIndex>1</labelIndex><name></name><selectedRelationships>failure</selectedRelationships><source><groupId>a57d7d2a-86bd-4b43-b611-558b2346303e</groupId><id>f3311380-d1aa-4c00-921c-79be8ca48e4e</id><type>PROCESSOR</type></source><zIndex>0</zIndex></connections><connections><id>d74a69d1-7434-454f-8ad0-4109ed7c1e13</id><parentGroupId>a57d7d2a-86bd-4b43-b611-558b2346303e</parentGroupId><backPressureDataSizeThreshold>0 MB</backPressureDataSizeThreshold><backPressureObjectThreshold>0</backPressureObjectThreshold><destination><groupId>a57d7d2a-86bd-4b43-b611-558b2346303e</groupId><id>f3311380-d1aa-4c00-921c-79be8ca48e4e</id><type>PROCESSOR</type></destination><flowFileExpiration>0 sec</flowFileExpiration><labelIndex>1</labelIndex><name></name><selectedRelationships>success</selectedRelationships><source><groupId>a57d7d2a-86bd-4b43-b611-558b2346303e</groupId><id>772077b0-d2a7-4b1f-9ac3-e255772aba31</id><type>PROCESSOR</type></source><zIndex>0</zIndex></connections><connections><id>8982edda-aecc-4368-8630-0c1dc8ce1c30</id><parentGroupId>a57d7d2a-86bd-4b43-b611-558b2346303e</parentGroupId><backPressureDataSizeThreshold>0 MB</backPressureDataSizeThreshold><backPressureObjectThreshold>0</backPressureObjectThreshold><destination><groupId>a57d7d2a-86bd-4b43-b611-558b2346303e</groupId><id>772077b0-d2a7-4b1f-9ac3-e255772aba31</id><type>PROCESSOR</type></destination><flowFileExpiration>0 sec</flowFileExpiration><labelIndex>1</labelIndex><name></name><selectedRelationships>success</selectedRelationships><source><groupId>a57d7d2a-86bd-4b43-b611-558b2346303e</groupId><id>59c6db74-7fa8-4348-8e75-7b337056571a</id><type>PROCESSOR</type></source><zIndex>0</zIndex></connections><labels><id>a7c62dc4-bfb2-4d44-b0aa-146fd0e4d8a0</id><parentGroupId>a57d7d2a-86bd-4b43-b611-558b2346303e</parentGroupId><position><x>372.000059370961</x><y>269.00000118055664</y></position><height>130.0</height><label>This processor could be replaced with an entire flow of logic.</label><style><entry><key>font-size</key><value>12px</value></entry></style><width>391.0</width></labels><processors><id>59c6db74-7fa8-4348-8e75-7b337056571a</id><parentGroupId>a57d7d2a-86bd-4b43-b611-558b2346303e</parentGroupId><position><x>399.004209761586</x><y>55.00000118055664</y></position><config><bulletinLevel>WARN</bulletinLevel><comments></comments><concurrentlySchedulableTaskCount>1</concurrentlySchedulableTaskCount><defaultConcurrentTasks><entry><key>TIMER_DRIVEN</key><value>1</value></entry><entry><key>EVENT_DRIVEN</key><value>0</value></entry><entry><key>CRON_DRIVEN</key><value>1</value></entry></defaultConcurrentTasks><defaultSchedulingPeriod><entry><key>TIMER_DRIVEN</key><value>0 sec</value></entry><entry><key>CRON_DRIVEN</key><value>* * * * * ?</value></entry></defaultSchedulingPeriod><descriptors><entry><key>Listening Port</key><value><defaultValue>80</defaultValue><description>The Port to listen on for incoming HTTP requests</description><displayName>Listening Port</displayName><dynamic>false</dynamic><name>Listening Port</name><required>true</required><sensitive>false</sensitive><supportsEl>false</supportsEl></value></entry><entry><key>Hostname</key><value><description>The Hostname to bind to. If not specified, will bind to all hosts</description><displayName>Hostname</displayName><dynamic>false</dynamic><name>Hostname</name><required>false</required><sensitive>false</sensitive><supportsEl>false</supportsEl></value></entry><entry><key>SSL Context Service</key><value><description>The SSL Context Service to use in order to secure the server. If specified, the server will accept only HTTPS requests; otherwise, the server will accept only HTTP requests</description><displayName>SSL Context Service</displayName><dynamic>false</dynamic><identifiesControllerService>org.apache.nifi.ssl.SSLContextService</identifiesControllerService><name>SSL Context Service</name><required>false</required><sensitive>false</sensitive><supportsEl>false</supportsEl></value></entry><entry><key>HTTP Context Map</key><value><allowableValues><displayName>StandardHttpContextMap</displayName><value>5226ab8a-5fbc-42c8-83b9-e128c78a39b8</value></allowableValues><allowableValues><displayName>StandardHttpContextMap</displayName><value>b369d993-48ae-4c0e-925b-ffd48846b1a5</value></allowableValues><allowableValues><displayName>StandardHttpContextMap</displayName><value>95c7b438-926d-4f74-9d50-50a8bfaeb46b</value></allowableValues><allowableValues><displayName>StandardHttpContextMap</displayName><value>e9582be0-5cbf-4d42-832d-bb12aa787f92</value></allowableValues><description>The HTTP Context Map Controller Service to use for caching the HTTP Request Information</description><displayName>HTTP Context Map</displayName><dynamic>false</dynamic><identifiesControllerService>org.apache.nifi.http.HttpContextMap</identifiesControllerService><name>HTTP Context Map</name><required>true</required><sensitive>false</sensitive><supportsEl>false</supportsEl></value></entry><entry><key>Allowed Paths</key><value><description>A Regular Expression that specifies the valid HTTP Paths that are allowed in the incoming URL Requests. If this value is specified and the path of the HTTP Requests does not match this Regular Expression, the Processor will respond with a 404: NotFound</description><displayName>Allowed Paths</displayName><dynamic>false</dynamic><name>Allowed Paths</name><required>false</required><sensitive>false</sensitive><supportsEl>false</supportsEl></value></entry><entry><key>Default URL Character Set</key><value><defaultValue>UTF-8</defaultValue><description>The character set to use for decoding URL parameters if the HTTP Request does not supply one</description><displayName>Default URL Character Set</displayName><dynamic>false</dynamic><name>Default URL Character Set</name><required>true</required><sensitive>false</sensitive><supportsEl>false</supportsEl></value></entry><entry><key>Allow GET</key><value><allowableValues><displayName>true</displayName><value>true</value></allowableValues><allowableValues><displayName>false</displayName><value>false</value></allowableValues><defaultValue>true</defaultValue><description>Allow HTTP GET Method</description><displayName>Allow GET</displayName><dynamic>false</dynamic><name>Allow GET</name><required>true</required><sensitive>false</sensitive><supportsEl>false</supportsEl></value></entry><entry><key>Allow POST</key><value><allowableValues><displayName>true</displayName><value>true</value></allowableValues><allowableValues><displayName>false</displayName><value>false</value></allowableValues><defaultValue>true</defaultValue><description>Allow HTTP POST Method</description><displayName>Allow POST</displayName><dynamic>false</dynamic><name>Allow POST</name><required>true</required><sensitive>false</sensitive><supportsEl>false</supportsEl></value></entry><entry><key>Allow PUT</key><value><allowableValues><displayName>true</displayName><value>true</value></allowableValues><allowableValues><displayName>false</displayName><value>false</value></allowableValues><defaultValue>true</defaultValue><description>Allow HTTP PUT Method</description><displayName>Allow PUT</displayName><dynamic>false</dynamic><name>Allow PUT</name><required>true</required><sensitive>false</sensitive><supportsEl>false</supportsEl></value></entry><entry><key>Allow DELETE</key><value><allowableValues><displayName>true</displayName><value>true</value></allowableValues><allowableValues><displayName>false</displayName><value>false</value></allowableValues><defaultValue>true</defaultValue><description>Allow HTTP DELETE Method</description><displayName>Allow DELETE</displayName><dynamic>false</dynamic><name>Allow DELETE</name><required>true</required><sensitive>false</sensitive><supportsEl>false</supportsEl></value></entry><entry><key>Allow HEAD</key><value><allowableValues><displayName>true</displayName><value>true</value></allowableValues><allowableValues><displayName>false</displayName><value>false</value></allowableValues><defaultValue>false</defaultValue><description>Allow HTTP HEAD Method</description><displayName>Allow HEAD</displayName><dynamic>false</dynamic><name>Allow HEAD</name><required>true</required><sensitive>false</sensitive><supportsEl>false</supportsEl></value></entry><entry><key>Allow OPTIONS</key><value><allowableValues><displayName>true</displayName><value>true</value></allowableValues><allowableValues><displayName>false</displayName><value>false</value></allowableValues><defaultValue>false</defaultValue><description>Allow HTTP OPTIONS Method</description><displayName>Allow OPTIONS</displayName><dynamic>false</dynamic><name>Allow OPTIONS</name><required>true</required><sensitive>false</sensitive><supportsEl>false</supportsEl></value></entry><entry><key>Additional HTTP Methods</key><value><description>A comma-separated list of non-standard HTTP Methods that should be allowed</description><displayName>Additional HTTP Methods</displayName><dynamic>false</dynamic><name>Additional HTTP Methods</name><required>false</required><sensitive>false</sensitive><supportsEl>false</supportsEl></value></entry><entry><key>Client Authentication</key><value><allowableValues><description>Processor will not authenticate clients. Anyone can communicate with this Processor anonymously</description><displayName>No Authentication</displayName><value>No Authentication</value></allowableValues><allowableValues><description>Processor will try to verify the client but if unable to verify will allow the client to communicate anonymously</description><displayName>Want Authentication</displayName><value>Want Authentication</value></allowableValues><allowableValues><description>Processor will reject communications from any client unless the client provides a certificate that is trusted by the TrustStorespecified in the SSL Context Service</description><displayName>Need Authentication</displayName><value>Need Authentication</value></allowableValues><defaultValue>No Authentication</defaultValue><description>Specifies whether or not the Processor should authenticate clients. This value is ignored if the &lt;SSL Context Service&gt; Property is not specified or the SSL Context provided uses only a KeyStore and not a TrustStore.</description><displayName>Client Authentication</displayName><dynamic>false</dynamic><name>Client Authentication</name><required>true</required><sensitive>false</sensitive><supportsEl>false</supportsEl></value></entry></descriptors><lossTolerant>false</lossTolerant><penaltyDuration>30 sec</penaltyDuration><properties><entry><key>Listening Port</key><value>8011</value></entry><entry><key>Hostname</key></entry><entry><key>SSL Context Service</key></entry><entry><key>HTTP Context Map</key><value>b369d993-48ae-4c0e-925b-ffd48846b1a5</value></entry><entry><key>Allowed Paths</key></entry><entry><key>Default URL Character Set</key></entry><entry><key>Allow GET</key></entry><entry><key>Allow POST</key></entry><entry><key>Allow PUT</key></entry><entry><key>Allow DELETE</key></entry><entry><key>Allow HEAD</key></entry><entry><key>Allow OPTIONS</key></entry><entry><key>Additional HTTP Methods</key></entry><entry><key>Client Authentication</key></entry></properties><runDurationMillis>0</runDurationMillis><schedulingPeriod>0 sec</schedulingPeriod><schedulingStrategy>TIMER_DRIVEN</schedulingStrategy><yieldDuration>1 sec</yieldDuration></config><name>Receive request and data</name><relationships><autoTerminate>false</autoTerminate><description>All content that is received is routed to the 'success' relationship</description><name>success</name></relationships><state>RUNNING</state><style/><supportsEventDriven>false</supportsEventDriven><supportsParallelProcessing>true</supportsParallelProcessing><type>org.apache.nifi.processors.standard.HandleHttpRequest</type></processors><processors><id>772077b0-d2a7-4b1f-9ac3-e255772aba31</id><parentGroupId>a57d7d2a-86bd-4b43-b611-558b2346303e</parentGroupId><position><x>399.4437849568985</x><y>296.116547811416</y></position><config><bulletinLevel>WARN</bulletinLevel><comments></comments><concurrentlySchedulableTaskCount>1</concurrentlySchedulableTaskCount><defaultConcurrentTasks><entry><key>TIMER_DRIVEN</key><value>1</value></entry><entry><key>EVENT_DRIVEN</key><value>0</value></entry><entry><key>CRON_DRIVEN</key><value>1</value></entry></defaultConcurrentTasks><defaultSchedulingPeriod><entry><key>TIMER_DRIVEN</key><value>0 sec</value></entry><entry><key>CRON_DRIVEN</key><value>* * * * * ?</value></entry></defaultSchedulingPeriod><descriptors><entry><key>Regular Expression</key><value><defaultValue>(?s:^.*$)</defaultValue><description>The Regular Expression to search for in the FlowFile content</description><displayName>Regular Expression</displayName><dynamic>false</dynamic><name>Regular Expression</name><required>true</required><sensitive>false</sensitive><supportsEl>true</supportsEl></value></entry><entry><key>Replacement Value</key><value><defaultValue>$1</defaultValue><description>The value to replace the regular expression with. Back-references to Regular Expression capturing groups are supported, but back-references that reference capturing groups that do not exist in the regular expression will be treated as literal value.</description><displayName>Replacement Value</displayName><dynamic>false</dynamic><name>Replacement Value</name><required>true</required><sensitive>false</sensitive><supportsEl>true</supportsEl></value></entry><entry><key>Character Set</key><value><defaultValue>UTF-8</defaultValue><description>The Character Set in which the file is encoded</description><displayName>Character Set</displayName><dynamic>false</dynamic><name>Character Set</name><required>true</required><sensitive>false</sensitive><supportsEl>false</supportsEl></value></entry><entry><key>Maximum Buffer Size</key><value><defaultValue>1 MB</defaultValue><description>Specifies the maximum amount of data to buffer (per file or per line, depending on the Evaluation Mode) in order to apply the regular expressions. If 'Entire Text' (in Evaluation Mode) is selected and the FlowFile is larger than this value, the FlowFile will be routed to 'failure'. In 'Line-by-Line' Mode, if a single line is larger than this value, the FlowFile will be routed to 'failure'. A default value of 1 MB is provided, primarily for 'Entire Text' mode. In 'Line-by-Line' Mode, a value such as 8 KB or 16 KB is suggested. This value is ignored and the buffer is not used if 'Regular Expression' is set to '.*'</description><displayName>Maximum Buffer Size</displayName><dynamic>false</dynamic><name>Maximum Buffer Size</name><required>true</required><sensitive>false</sensitive><supportsEl>false</supportsEl></value></entry><entry><key>Evaluation Mode</key><value><allowableValues><displayName>Line-by-Line</displayName><value>Line-by-Line</value></allowableValues><allowableValues><displayName>Entire text</displayName><value>Entire text</value></allowableValues><defaultValue>Entire text</defaultValue><description>Evaluate the 'Regular Expression' against each line (Line-by-Line) or buffer the entire file into memory (Entire Text) and then evaluate the 'Regular Expression'.</description><displayName>Evaluation Mode</displayName><dynamic>false</dynamic><name>Evaluation Mode</name><required>true</required><sensitive>false</sensitive><supportsEl>false</supportsEl></value></entry></descriptors><lossTolerant>false</lossTolerant><penaltyDuration>30 sec</penaltyDuration><properties><entry><key>Regular Expression</key></entry><entry><key>Replacement Value</key><value>Hello, NiFi!</value></entry><entry><key>Character Set</key></entry><entry><key>Maximum Buffer Size</key></entry><entry><key>Evaluation Mode</key></entry></properties><runDurationMillis>0</runDurationMillis><schedulingPeriod>0 sec</schedulingPeriod><schedulingStrategy>TIMER_DRIVEN</schedulingStrategy><yieldDuration>1 sec</yieldDuration></config><name>Update Request Body with a greeting!</name><relationships><autoTerminate>false</autoTerminate><description>FlowFiles that could not be updated are routed to this relationship</description><name>failure</name></relationships><relationships><autoTerminate>false</autoTerminate><description>FlowFiles that have been successfully updated are routed to this relationship, as well as FlowFiles whose content does not match the given Regular Expression</description><name>success</name></relationships><state>RUNNING</state><style/><supportsEventDriven>true</supportsEventDriven><supportsParallelProcessing>true</supportsParallelProcessing><type>org.apache.nifi.processors.standard.ReplaceText</type></processors><processors><id>f3311380-d1aa-4c00-921c-79be8ca48e4e</id><parentGroupId>a57d7d2a-86bd-4b43-b611-558b2346303e</parentGroupId><position><x>398.000059370961</x><y>500.21780513563476</y></position><config><bulletinLevel>WARN</bulletinLevel><comments></comments><concurrentlySchedulableTaskCount>1</concurrentlySchedulableTaskCount><defaultConcurrentTasks><entry><key>TIMER_DRIVEN</key><value>1</value></entry><entry><key>EVENT_DRIVEN</key><value>0</value></entry><entry><key>CRON_DRIVEN</key><value>1</value></entry></defaultConcurrentTasks><defaultSchedulingPeriod><entry><key>TIMER_DRIVEN</key><value>0 sec</value></entry><entry><key>CRON_DRIVEN</key><value>* * * * * ?</value></entry></defaultSchedulingPeriod><descriptors><entry><key>HTTP Status Code</key><value><description>The HTTP Status Code to use when responding to the HTTP Request. See Section 10 of RFC 2616 for more information.</description><displayName>HTTP Status Code</displayName><dynamic>false</dynamic><name>HTTP Status Code</name><required>true</required><sensitive>false</sensitive><supportsEl>true</supportsEl></value></entry><entry><key>HTTP Context Map</key><value><allowableValues><displayName>StandardHttpContextMap</displayName><value>5226ab8a-5fbc-42c8-83b9-e128c78a39b8</value></allowableValues><allowableValues><displayName>StandardHttpContextMap</displayName><value>b369d993-48ae-4c0e-925b-ffd48846b1a5</value></allowableValues><allowableValues><displayName>StandardHttpContextMap</displayName><value>95c7b438-926d-4f74-9d50-50a8bfaeb46b</value></allowableValues><allowableValues><displayName>StandardHttpContextMap</displayName><value>e9582be0-5cbf-4d42-832d-bb12aa787f92</value></allowableValues><description>The HTTP Context Map Controller Service to use for caching the HTTP Request Information</description><displayName>HTTP Context Map</displayName><dynamic>false</dynamic><identifiesControllerService>org.apache.nifi.http.HttpContextMap</identifiesControllerService><name>HTTP Context Map</name><required>true</required><sensitive>false</sensitive><supportsEl>false</supportsEl></value></entry></descriptors><lossTolerant>false</lossTolerant><penaltyDuration>30 sec</penaltyDuration><properties><entry><key>HTTP Status Code</key><value>200</value></entry><entry><key>HTTP Context Map</key><value>b369d993-48ae-4c0e-925b-ffd48846b1a5</value></entry></properties><runDurationMillis>0</runDurationMillis><schedulingPeriod>0 sec</schedulingPeriod><schedulingStrategy>TIMER_DRIVEN</schedulingStrategy><yieldDuration>1 sec</yieldDuration></config><name>Respond with enriched data</name><relationships><autoTerminate>false</autoTerminate><description>FlowFiles will be routed to this Relationship if the Processor is unable to respond to the requestor. This may happen, for instance, if the connection times out or if NiFi is restarted before responding to the HTTP Request.</description><name>failure</name></relationships><relationships><autoTerminate>true</autoTerminate><description>FlowFiles will be routed to this Relationship after the response has been successfully sent to the requestor</description><name>success</name></relationships><state>RUNNING</state><style/><supportsEventDriven>false</supportsEventDriven><supportsParallelProcessing>true</supportsParallelProcessing><type>org.apache.nifi.processors.standard.HandleHttpResponse</type></processors></contents><disabledCount>0</disabledCount><inactiveRemotePortCount>0</inactiveRemotePortCount><inputPortCount>0</inputPortCount><invalidCount>0</invalidCount><name>Hello NiFi Web Service</name><outputPortCount>0</outputPortCount><parent><id>02db0a1e-d9f2-4026-b808-9729d7a234a1</id><name>NiFi Flow</name></parent><runningCount>3</runningCount><stoppedCount>0</stoppedCount></processGroups></snippet><timestamp>12/05/2015 21:41:10 EST</timestamp></template>