<?xml version="1.0" encoding="UTF-8" standalone="yes"?><template><description>This flow demonstrates how to call an HTTP service based on an incoming FlowFile, and route the original FlowFile based on the status code returned from the invocation. In this example, every 30 seconds a FlowFile is produced, an attribute is added to the FlowFile that sets q=nifi, the google.com is invoked for that FlowFile, and any response with a 200 is routed to a relationship called 200.</description><name>InvokeHttp And Route Original On Status</name><snippet><connections><id>f944d7d5-626a-4100-93f5-e13a145d1b45</id><parentGroupId>5ba45800-7ae7-4c79-aa77-e4296320a8fe</parentGroupId><backPressureDataSizeThreshold>0 MB</backPressureDataSizeThreshold><backPressureObjectThreshold>0</backPressureObjectThreshold><destination><groupId>5ba45800-7ae7-4c79-aa77-e4296320a8fe</groupId><id>ffcc8819-75f5-4811-9952-a7d66effacb0</id><type>PROCESSOR</type></destination><flowFileExpiration>0 sec</flowFileExpiration><labelIndex>1</labelIndex><name></name><selectedRelationships>Original</selectedRelationships><source><groupId>5ba45800-7ae7-4c79-aa77-e4296320a8fe</groupId><id>e829b880-ef17-432a-b387-04e4b964c28a</id><type>PROCESSOR</type></source><zIndex>0</zIndex></connections><connections><id>0352020c-9fdf-4388-8960-ac46dd714bea</id><parentGroupId>5ba45800-7ae7-4c79-aa77-e4296320a8fe</parentGroupId><backPressureDataSizeThreshold>0 MB</backPressureDataSizeThreshold><backPressureObjectThreshold>0</backPressureObjectThreshold><destination><groupId>5ba45800-7ae7-4c79-aa77-e4296320a8fe</groupId><id>e829b880-ef17-432a-b387-04e4b964c28a</id><type>PROCESSOR</type></destination><flowFileExpiration>0 sec</flowFileExpiration><labelIndex>1</labelIndex><name></name><selectedRelationships>success</selectedRelationships><source><groupId>5ba45800-7ae7-4c79-aa77-e4296320a8fe</groupId><id>719d5fb9-cd96-4491-b48d-79a91d6b5d79</id><type>PROCESSOR</type></source><zIndex>0</zIndex></connections><connections><id>f06a2356-c839-4272-ad43-4328b95df7c4</id><parentGroupId>5ba45800-7ae7-4c79-aa77-e4296320a8fe</parentGroupId><backPressureDataSizeThreshold>0 MB</backPressureDataSizeThreshold><backPressureObjectThreshold>0</backPressureObjectThreshold><bends><x>1273.863850933559</x><y>310.17145282997745</y></bends><bends><x>1273.863850933559</x><y>360.17145282997745</y></bends><destination><groupId>5ba45800-7ae7-4c79-aa77-e4296320a8fe</groupId><id>e829b880-ef17-432a-b387-04e4b964c28a</id><type>PROCESSOR</type></destination><flowFileExpiration>0 sec</flowFileExpiration><labelIndex>1</labelIndex><name></name><selectedRelationships>Failure</selectedRelationships><selectedRelationships>Retry</selectedRelationships><source><groupId>5ba45800-7ae7-4c79-aa77-e4296320a8fe</groupId><id>e829b880-ef17-432a-b387-04e4b964c28a</id><type>PROCESSOR</type></source><zIndex>0</zIndex></connections><connections><id>b4e79c52-4342-4215-893e-b56bcc1982dc</id><parentGroupId>5ba45800-7ae7-4c79-aa77-e4296320a8fe</parentGroupId><backPressureDataSizeThreshold>0 MB</backPressureDataSizeThreshold><backPressureObjectThreshold>0</backPressureObjectThreshold><destination><groupId>5ba45800-7ae7-4c79-aa77-e4296320a8fe</groupId><id>83ca901a-efe0-4d97-a121-d162f2a053ad</id><type>PROCESSOR</type></destination><flowFileExpiration>0 sec</flowFileExpiration><labelIndex>1</labelIndex><name></name><selectedRelationships>200</selectedRelationships><source><groupId>5ba45800-7ae7-4c79-aa77-e4296320a8fe</groupId><id>ffcc8819-75f5-4811-9952-a7d66effacb0</id><type>PROCESSOR</type></source><zIndex>0</zIndex></connections><connections><id>9d1b23ac-05e2-47a4-9423-9cb0f73219d3</id><parentGroupId>5ba45800-7ae7-4c79-aa77-e4296320a8fe</parentGroupId><backPressureDataSizeThreshold>0 MB</backPressureDataSizeThreshold><backPressureObjectThreshold>0</backPressureObjectThreshold><destination><groupId>5ba45800-7ae7-4c79-aa77-e4296320a8fe</groupId><id>719d5fb9-cd96-4491-b48d-79a91d6b5d79</id><type>PROCESSOR</type></destination><flowFileExpiration>0 sec</flowFileExpiration><labelIndex>1</labelIndex><name></name><selectedRelationships>success</selectedRelationships><source><groupId>5ba45800-7ae7-4c79-aa77-e4296320a8fe</groupId><id>f96be8b1-78b2-42f2-96a5-759deefae932</id><type>PROCESSOR</type></source><zIndex>0</zIndex></connections><processors><id>719d5fb9-cd96-4491-b48d-79a91d6b5d79</id><parentGroupId>5ba45800-7ae7-4c79-aa77-e4296320a8fe</parentGroupId><position><x>862.8694051327777</x><y>94.09914524330755</y></position><config><bulletinLevel>WARN</bulletinLevel><comments></comments><concurrentlySchedulableTaskCount>1</concurrentlySchedulableTaskCount><defaultConcurrentTasks><entry><key>TIMER_DRIVEN</key><value>1</value></entry><entry><key>EVENT_DRIVEN</key><value>0</value></entry><entry><key>CRON_DRIVEN</key><value>1</value></entry></defaultConcurrentTasks><defaultSchedulingPeriod><entry><key>TIMER_DRIVEN</key><value>0 sec</value></entry><entry><key>CRON_DRIVEN</key><value>* * * * * ?</value></entry></defaultSchedulingPeriod><descriptors><entry><key>Delete Attributes Expression</key><value><description>Regular expression for attributes to be deleted from flowfiles.</description><displayName>Delete Attributes Expression</displayName><dynamic>false</dynamic><name>Delete Attributes Expression</name><required>false</required><sensitive>false</sensitive><supportsEl>true</supportsEl></value></entry><entry><key>q</key><value><description></description><displayName>q</displayName><dynamic>true</dynamic><name>q</name><required>false</required><sensitive>false</sensitive><supportsEl>true</supportsEl></value></entry></descriptors><lossTolerant>false</lossTolerant><penaltyDuration>30 sec</penaltyDuration><properties><entry><key>Delete Attributes Expression</key></entry><entry><key>q</key><value>nifi</value></entry></properties><runDurationMillis>0</runDurationMillis><schedulingPeriod>0 sec</schedulingPeriod><schedulingStrategy>TIMER_DRIVEN</schedulingStrategy><yieldDuration>1 sec</yieldDuration></config><name>q=nifi</name><relationships><autoTerminate>false</autoTerminate><description>All FlowFiles are routed to this relationship</description><name>success</name></relationships><state>STOPPED</state><style/><supportsEventDriven>true</supportsEventDriven><supportsParallelProcessing>true</supportsParallelProcessing><type>org.apache.nifi.processors.attributes.UpdateAttribute</type></processors><processors><id>f96be8b1-78b2-42f2-96a5-759deefae932</id><parentGroupId>5ba45800-7ae7-4c79-aa77-e4296320a8fe</parentGroupId><position><x>317.9999593319965</x><y>89.00000793709417</y></position><config><bulletinLevel>WARN</bulletinLevel><comments></comments><concurrentlySchedulableTaskCount>1</concurrentlySchedulableTaskCount><defaultConcurrentTasks><entry><key>TIMER_DRIVEN</key><value>1</value></entry><entry><key>EVENT_DRIVEN</key><value>0</value></entry><entry><key>CRON_DRIVEN</key><value>1</value></entry></defaultConcurrentTasks><defaultSchedulingPeriod><entry><key>TIMER_DRIVEN</key><value>0 sec</value></entry><entry><key>CRON_DRIVEN</key><value>* * * * * ?</value></entry></defaultSchedulingPeriod><descriptors><entry><key>File Size</key><value><description>The size of the file that will be used</description><displayName>File Size</displayName><dynamic>false</dynamic><name>File Size</name><required>true</required><sensitive>false</sensitive><supportsEl>false</supportsEl></value></entry><entry><key>Batch Size</key><value><defaultValue>1</defaultValue><description>The number of FlowFiles to be transferred in each invocation</description><displayName>Batch Size</displayName><dynamic>false</dynamic><name>Batch Size</name><required>true</required><sensitive>false</sensitive><supportsEl>false</supportsEl></value></entry><entry><key>Data Format</key><value><allowableValues><displayName>Binary</displayName><value>Binary</value></allowableValues><allowableValues><displayName>Text</displayName><value>Text</value></allowableValues><defaultValue>Binary</defaultValue><description>Specifies whether the data should be Text or Binary</description><displayName>Data Format</displayName><dynamic>false</dynamic><name>Data Format</name><required>true</required><sensitive>false</sensitive><supportsEl>false</supportsEl></value></entry><entry><key>Unique FlowFiles</key><value><allowableValues><displayName>true</displayName><value>true</value></allowableValues><allowableValues><displayName>false</displayName><value>false</value></allowableValues><defaultValue>false</defaultValue><description>If true, each FlowFile that is generated will be unique. If false, a random value will be generated and all FlowFiles will get the same content but this offers much higher throughput</description><displayName>Unique FlowFiles</displayName><dynamic>false</dynamic><name>Unique FlowFiles</name><required>true</required><sensitive>false</sensitive><supportsEl>false</supportsEl></value></entry></descriptors><lossTolerant>false</lossTolerant><penaltyDuration>30 sec</penaltyDuration><properties><entry><key>File Size</key><value>10 b</value></entry><entry><key>Batch Size</key></entry><entry><key>Data Format</key></entry><entry><key>Unique FlowFiles</key></entry></properties><runDurationMillis>0</runDurationMillis><schedulingPeriod>30 sec</schedulingPeriod><schedulingStrategy>TIMER_DRIVEN</schedulingStrategy><yieldDuration>1 sec</yieldDuration></config><name>Source</name><relationships><autoTerminate>false</autoTerminate><description></description><name>success</name></relationships><state>STOPPED</state><style/><supportsEventDriven>false</supportsEventDriven><supportsParallelProcessing>true</supportsParallelProcessing><type>org.apache.nifi.processors.standard.GenerateFlowFile</type></processors><processors><id>83ca901a-efe0-4d97-a121-d162f2a053ad</id><parentGroupId>5ba45800-7ae7-4c79-aa77-e4296320a8fe</parentGroupId><position><x>877.6148838100909</x><y>646.8078335626049</y></position><config><bulletinLevel>WARN</bulletinLevel><comments></comments><concurrentlySchedulableTaskCount>1</concurrentlySchedulableTaskCount><defaultConcurrentTasks><entry><key>TIMER_DRIVEN</key><value>1</value></entry><entry><key>EVENT_DRIVEN</key><value>0</value></entry><entry><key>CRON_DRIVEN</key><value>1</value></entry></defaultConcurrentTasks><defaultSchedulingPeriod><entry><key>TIMER_DRIVEN</key><value>0 sec</value></entry><entry><key>CRON_DRIVEN</key><value>* * * * * ?</value></entry></defaultSchedulingPeriod><descriptors><entry><key>Hash Attribute Name</key><value><defaultValue>hash.value</defaultValue><description>The name of the FlowFile Attribute into which the Hash Value should be written. If the value already exists, it will be overwritten</description><displayName>Hash Attribute Name</displayName><dynamic>false</dynamic><name>Hash Attribute Name</name><required>true</required><sensitive>false</sensitive><supportsEl>false</supportsEl></value></entry><entry><key>Hash Algorithm</key><value><allowableValues><displayName>RIPEMD320</displayName><value>RIPEMD320</value></allowableValues><allowableValues><displayName>SHA-1</displayName><value>SHA-1</value></allowableValues><allowableValues><displayName>SHA-384</displayName><value>SHA-384</value></allowableValues><allowableValues><displayName>RIPEMD160</displayName><value>RIPEMD160</value></allowableValues><allowableValues><displayName>SHA</displayName><value>SHA</value></allowableValues><allowableValues><displayName>WHIRLPOOL</displayName><value>WHIRLPOOL</value></allowableValues><allowableValues><displayName>GOST3411</displayName><value>GOST3411</value></allowableValues><allowableValues><displayName>SHA-224</displayName><value>SHA-224</value></allowableValues><allowableValues><displayName>SHA-256</displayName><value>SHA-256</value></allowableValues><allowableValues><displayName>MD2</displayName><value>MD2</value></allowableValues><allowableValues><displayName>RIPEMD128</displayName><value>RIPEMD128</value></allowableValues><allowableValues><displayName>MD4</displayName><value>MD4</value></allowableValues><allowableValues><displayName>SHA-512</displayName><value>SHA-512</value></allowableValues><allowableValues><displayName>RIPEMD256</displayName><value>RIPEMD256</value></allowableValues><allowableValues><displayName>TIGER</displayName><value>TIGER</value></allowableValues><allowableValues><displayName>MD5</displayName><value>MD5</value></allowableValues><defaultValue>MD5</defaultValue><description>Determines what hashing algorithm should be used to perform the hashing function</description><displayName>Hash Algorithm</displayName><dynamic>false</dynamic><name>Hash Algorithm</name><required>true</required><sensitive>false</sensitive><supportsEl>false</supportsEl></value></entry></descriptors><lossTolerant>false</lossTolerant><penaltyDuration>30 sec</penaltyDuration><properties><entry><key>Hash Attribute Name</key></entry><entry><key>Hash Algorithm</key></entry></properties><runDurationMillis>0</runDurationMillis><schedulingPeriod>0 sec</schedulingPeriod><schedulingStrategy>TIMER_DRIVEN</schedulingStrategy><yieldDuration>1 sec</yieldDuration></config><name>HashContent</name><relationships><autoTerminate>true</autoTerminate><description>Any FlowFile that cannot be processed successfully will be sent to this relationship without any attribute being added</description><name>failure</name></relationships><relationships><autoTerminate>true</autoTerminate><description>FlowFiles that are process successfully will be sent to this relationship</description><name>success</name></relationships><state>STOPPED</state><style/><supportsEventDriven>true</supportsEventDriven><supportsParallelProcessing>true</supportsParallelProcessing><type>org.apache.nifi.processors.standard.HashContent</type></processors><processors><id>e829b880-ef17-432a-b387-04e4b964c28a</id><parentGroupId>5ba45800-7ae7-4c79-aa77-e4296320a8fe</parentGroupId><position><x>864.863850933559</x><y>285.17145282997745</y></position><config><bulletinLevel>WARN</bulletinLevel><comments></comments><concurrentlySchedulableTaskCount>1</concurrentlySchedulableTaskCount><defaultConcurrentTasks><entry><key>TIMER_DRIVEN</key><value>1</value></entry><entry><key>EVENT_DRIVEN</key><value>0</value></entry><entry><key>CRON_DRIVEN</key><value>1</value></entry></defaultConcurrentTasks><defaultSchedulingPeriod><entry><key>TIMER_DRIVEN</key><value>0 sec</value></entry><entry><key>CRON_DRIVEN</key><value>* * * * * ?</value></entry></defaultSchedulingPeriod><descriptors><entry><key>HTTP Method</key><value><defaultValue>GET</defaultValue><description>HTTP request method (GET, POST, PUT, DELETE, HEAD, OPTIONS). Arbitrary methods are also supported but will be sent without a message body.</description><displayName>HTTP Method</displayName><dynamic>false</dynamic><name>HTTP Method</name><required>true</required><sensitive>false</sensitive><supportsEl>true</supportsEl></value></entry><entry><key>Remote URL</key><value><description>Remote URL which will be connected to, including scheme, host, port, path.</description><displayName>Remote URL</displayName><dynamic>false</dynamic><name>Remote URL</name><required>true</required><sensitive>false</sensitive><supportsEl>true</supportsEl></value></entry><entry><key>SSL Context Service</key><value><allowableValues><displayName>StandardSSLContextService</displayName><value>1f4a6e32-f65b-4879-ab97-fea616f422f2</value></allowableValues><allowableValues><displayName>StandardSSLContextService</displayName><value>44cf39bc-7ec0-4809-b0bb-96f6426efd81</value></allowableValues><allowableValues><displayName>StandardSSLContextService</displayName><value>c4cad782-a3c7-4a9c-8f80-106799964c63</value></allowableValues><description>The SSL Context Service used to provide client certificate information for TLS/SSL (https) connections.</description><displayName>SSL Context Service</displayName><dynamic>false</dynamic><identifiesControllerService>org.apache.nifi.ssl.SSLContextService</identifiesControllerService><name>SSL Context Service</name><required>false</required><sensitive>false</sensitive><supportsEl>false</supportsEl></value></entry><entry><key>Connection Timeout</key><value><defaultValue>5 secs</defaultValue><description>Max wait time for connection to remote service.</description><displayName>Connection Timeout</displayName><dynamic>false</dynamic><name>Connection Timeout</name><required>true</required><sensitive>false</sensitive><supportsEl>false</supportsEl></value></entry><entry><key>Read Timeout</key><value><defaultValue>15 secs</defaultValue><description>Max wait time for response from remote service.</description><displayName>Read Timeout</displayName><dynamic>false</dynamic><name>Read Timeout</name><required>true</required><sensitive>false</sensitive><supportsEl>false</supportsEl></value></entry><entry><key>Include Date Header</key><value><allowableValues><displayName>True</displayName><value>True</value></allowableValues><allowableValues><displayName>False</displayName><value>False</value></allowableValues><defaultValue>True</defaultValue><description>Include an RFC-2616 Date header in the request.</description><displayName>Include Date Header</displayName><dynamic>false</dynamic><name>Include Date Header</name><required>true</required><sensitive>false</sensitive><supportsEl>false</supportsEl></value></entry><entry><key>Follow Redirects</key><value><allowableValues><displayName>True</displayName><value>True</value></allowableValues><allowableValues><displayName>False</displayName><value>False</value></allowableValues><defaultValue>True</defaultValue><description>Follow HTTP redirects issued by remote server.</description><displayName>Follow Redirects</displayName><dynamic>false</dynamic><name>Follow Redirects</name><required>true</required><sensitive>false</sensitive><supportsEl>false</supportsEl></value></entry><entry><key>Attributes to Send</key><value><description>Regular expression that defines which attributes to send as HTTP headers in the request. If not defined, no attributes are sent as headers. Also any dynamic properties set will be sent as headers. The dynamic property key will be the header key and the dynamic property value will be interpreted as expression language will be the header value.</description><displayName>Attributes to Send</displayName><dynamic>false</dynamic><name>Attributes to Send</name><required>false</required><sensitive>false</sensitive><supportsEl>false</supportsEl></value></entry><entry><key>Basic Authentication Username</key><value><description>The username to be used by the client to authenticate against the Remote URL.  Cannot include control characters (0-31), ':', or DEL (127).</description><displayName>Basic Authentication Username</displayName><dynamic>false</dynamic><name>Basic Authentication Username</name><required>false</required><sensitive>false</sensitive><supportsEl>false</supportsEl></value></entry><entry><key>Basic Authentication Password</key><value><description>The password to be used by the client to authenticate against the Remote URL.</description><displayName>Basic Authentication Password</displayName><dynamic>false</dynamic><name>Basic Authentication Password</name><required>false</required><sensitive>true</sensitive><supportsEl>false</supportsEl></value></entry><entry><key>Proxy Host</key><value><description>The fully qualified hostname or IP address of the proxy server</description><displayName>Proxy Host</displayName><dynamic>false</dynamic><name>Proxy Host</name><required>false</required><sensitive>false</sensitive><supportsEl>false</supportsEl></value></entry><entry><key>Proxy Port</key><value><description>The port of the proxy server</description><displayName>Proxy Port</displayName><dynamic>false</dynamic><name>Proxy Port</name><required>false</required><sensitive>false</sensitive><supportsEl>false</supportsEl></value></entry><entry><key>Put Response Body In Attribute</key><value><description>If set, the response body received back will be put into an attribute of the original FlowFile instead of a separate FlowFile. The attribute key to put to is determined by evaluating value of this property. </description><displayName>Put Response Body In Attribute</displayName><dynamic>false</dynamic><name>Put Response Body In Attribute</name><required>false</required><sensitive>false</sensitive><supportsEl>true</supportsEl></value></entry><entry><key>Max Length To Put In Attribute</key><value><defaultValue>256</defaultValue><description>If routing the response body to an attribute of the original (by setting the &quot;Put response body in attribute&quot; property or by receiving an error status code), the number of characters put to the attribute value will be at most this amount. This is important because attributes are held in memory and large attributes will quickly cause out of memory issues. If the output goes longer than this value, it will be truncated to fit. Consider making this smaller if able.</description><displayName>Max Length To Put In Attribute</displayName><dynamic>false</dynamic><name>Max Length To Put In Attribute</name><required>false</required><sensitive>false</sensitive><supportsEl>false</supportsEl></value></entry><entry><key>Digest Authentication</key><value><allowableValues><displayName>true</displayName><value>true</value></allowableValues><allowableValues><displayName>false</displayName><value>false</value></allowableValues><defaultValue>false</defaultValue><description>Whether to communicate with the website using Digest Authentication. 'Basic Authentication Username' and 'Basic Authentication Password' are used for authentication.</description><displayName>Use Digest Authentication</displayName><dynamic>false</dynamic><name>Digest Authentication</name><required>false</required><sensitive>false</sensitive><supportsEl>false</supportsEl></value></entry><entry><key>Always Output Response</key><value><allowableValues><displayName>true</displayName><value>true</value></allowableValues><allowableValues><displayName>false</displayName><value>false</value></allowableValues><defaultValue>false</defaultValue><description>Will force a response FlowFile to be generated and routed to the 'Response' relationship regardless of what the server status code received is or if the processor is configured to put the server response body in the request attribute. In the later configuration a request FlowFile with the response body in the attribute and a typical response FlowFile will be emitted to their respective relationships.</description><displayName>Always Output Response</displayName><dynamic>false</dynamic><name>Always Output Response</name><required>false</required><sensitive>false</sensitive><supportsEl>false</supportsEl></value></entry><entry><key>Trusted Hostname</key><value><description>Bypass the normal truststore hostname verifier to allow the specified remote hostname as trusted. Enabling this property has MITM security implications, use wisely. Will still accept other connections based on the normal truststore hostname verifier. Only valid with SSL (HTTPS) connections.</description><displayName>Trusted Hostname</displayName><dynamic>false</dynamic><name>Trusted Hostname</name><required>false</required><sensitive>false</sensitive><supportsEl>false</supportsEl></value></entry><entry><key>Add Response Headers to Request</key><value><allowableValues><displayName>true</displayName><value>true</value></allowableValues><allowableValues><displayName>false</displayName><value>false</value></allowableValues><defaultValue>false</defaultValue><description>Enabling this property saves all the response headers to the original request. This may be when the response headers are needed but a response is not generated due to the status code received.</description><displayName>Add Response Headers to Request</displayName><dynamic>false</dynamic><name>Add Response Headers to Request</name><required>false</required><sensitive>false</sensitive><supportsEl>false</supportsEl></value></entry></descriptors><lossTolerant>false</lossTolerant><penaltyDuration>30 sec</penaltyDuration><properties><entry><key>HTTP Method</key></entry><entry><key>Remote URL</key><value>http://www.google.com/search?q=${q}&amp;rct=j</value></entry><entry><key>SSL Context Service</key></entry><entry><key>Connection Timeout</key></entry><entry><key>Read Timeout</key></entry><entry><key>Include Date Header</key></entry><entry><key>Follow Redirects</key></entry><entry><key>Attributes to Send</key></entry><entry><key>Basic Authentication Username</key></entry><entry><key>Basic Authentication Password</key></entry><entry><key>Proxy Host</key></entry><entry><key>Proxy Port</key></entry><entry><key>Put Response Body In Attribute</key></entry><entry><key>Max Length To Put In Attribute</key></entry><entry><key>Digest Authentication</key></entry><entry><key>Always Output Response</key></entry><entry><key>Trusted Hostname</key></entry><entry><key>Add Response Headers to Request</key></entry></properties><runDurationMillis>0</runDurationMillis><schedulingPeriod>0 sec</schedulingPeriod><schedulingStrategy>TIMER_DRIVEN</schedulingStrategy><yieldDuration>1 sec</yieldDuration></config><name>Search Google</name><relationships><autoTerminate>false</autoTerminate><description>The original FlowFile will be routed on any type of connection failure, timeout or general exception. It will have new attributes detailing the request.</description><name>Failure</name></relationships><relationships><autoTerminate>true</autoTerminate><description>The original FlowFile will be routed on any status code that should NOT be retried (1xx, 3xx, 4xx status codes).  It will have new attributes detailing the request.</description><name>No Retry</name></relationships><relationships><autoTerminate>false</autoTerminate><description>The original FlowFile will be routed upon success (2xx status codes). It will have new attributes detailing the success of the request.</description><name>Original</name></relationships><relationships><autoTerminate>true</autoTerminate><description>A Response FlowFile will be routed upon success (2xx status codes). If the 'Output Response Regardless' property is true then the response will be sent to this relationship regardless of the status code received.</description><name>Response</name></relationships><relationships><autoTerminate>false</autoTerminate><description>The original FlowFile will be routed on any status code that can be retried (5xx status codes). It will have new attributes detailing the request.</description><name>Retry</name></relationships><state>STOPPED</state><style/><supportsEventDriven>false</supportsEventDriven><supportsParallelProcessing>true</supportsParallelProcessing><type>org.apache.nifi.processors.standard.InvokeHTTP</type></processors><processors><id>ffcc8819-75f5-4811-9952-a7d66effacb0</id><parentGroupId>5ba45800-7ae7-4c79-aa77-e4296320a8fe</parentGroupId><position><x>862.7192586484027</x><y>464.2159169413056</y></position><config><bulletinLevel>WARN</bulletinLevel><comments></comments><concurrentlySchedulableTaskCount>1</concurrentlySchedulableTaskCount><defaultConcurrentTasks><entry><key>TIMER_DRIVEN</key><value>1</value></entry><entry><key>EVENT_DRIVEN</key><value>0</value></entry><entry><key>CRON_DRIVEN</key><value>1</value></entry></defaultConcurrentTasks><defaultSchedulingPeriod><entry><key>TIMER_DRIVEN</key><value>0 sec</value></entry><entry><key>CRON_DRIVEN</key><value>* * * * * ?</value></entry></defaultSchedulingPeriod><descriptors><entry><key>Routing Strategy</key><value><allowableValues><description>A copy of the FlowFile will be routed to each relationship whose corresponding expression evaluates to 'true'</description><displayName>Route to Property name</displayName><value>Route to Property name</value></allowableValues><allowableValues><description>Requires that all user-defined expressions evaluate to 'true' for the FlowFile to be considered a match</description><displayName>Route to 'matched' if all match</displayName><value>Route to 'match' if all match</value></allowableValues><allowableValues><description>Requires that at least one user-defined expression evaluate to 'true' for hte FlowFile to be considered a match</description><displayName>Route to 'matched' if any matches</displayName><value>Route to 'match' if any matches</value></allowableValues><defaultValue>Route to Property name</defaultValue><description>Specifies how to determine which relationship to use when evaluating the Expression Language</description><displayName>Routing Strategy</displayName><dynamic>false</dynamic><name>Routing Strategy</name><required>true</required><sensitive>false</sensitive><supportsEl>false</supportsEl></value></entry><entry><key>200</key><value><description></description><displayName>200</displayName><dynamic>true</dynamic><name>200</name><required>false</required><sensitive>false</sensitive><supportsEl>true</supportsEl></value></entry></descriptors><lossTolerant>false</lossTolerant><penaltyDuration>30 sec</penaltyDuration><properties><entry><key>Routing Strategy</key><value>Route to Property name</value></entry><entry><key>200</key><value>${invokehttp.status.code:equals(200)}</value></entry></properties><runDurationMillis>0</runDurationMillis><schedulingPeriod>0 sec</schedulingPeriod><schedulingStrategy>TIMER_DRIVEN</schedulingStrategy><yieldDuration>1 sec</yieldDuration></config><name>Route On Status Code</name><relationships><autoTerminate>false</autoTerminate><description></description><name>200</name></relationships><relationships><autoTerminate>true</autoTerminate><description>FlowFiles that do not match any user-define expression will be routed here</description><name>unmatched</name></relationships><state>STOPPED</state><style/><supportsEventDriven>true</supportsEventDriven><supportsParallelProcessing>true</supportsParallelProcessing><type>org.apache.nifi.processors.standard.RouteOnAttribute</type></processors></snippet><timestamp>12/18/2015 15:52:29 EST</timestamp></template>