<?xml version="1.0" ?>
<template encoding-version="1.1">
  <description>This example flow takes advantage of NiFi's ability to stream its own provenance data through the flow which it can then read, write, route, and transform for some interesting cases.  The provenance data it generates then becomes its own stream to experiment with.

To do this we take advantage of the site to site reporting task for provenance, the new QueryRecord processor powered by Apache Calcite, various record readers and writers including a custom one built on the fly using Groovy all to read in the provenance stream while simultaneously writing it out in JSON, Avro, CSV, and XML.  All this really helps highlight the power this makes available as we get to reuse the same components but plugin in separate concerns such as formats and schemas which we can reuse at various points in the flow.  Another great benefit here is we don't have to split data into individual records before the processors can operate on them.  Through the record abstraction it understands how to parse, demarcate, and reproduce the transformed output without this having to be a concern of the user or the processors themselves.  This creates tremendous reuse, flexibility, and massive performance benefits all while still maintaining full fidelity of the provenance trail!
</description>
  <groupId>de3061fd-015b-1000-19e9-94d3c9becd2b</groupId>
  <name>Provenance Stream Record ReadWrite</name>
  <snippet>
    <connections>
      <id>8a8e63cc-4cb6-345c-0000-000000000000</id>
      <parentGroupId>349cdb29-cb09-36b2-0000-000000000000</parentGroupId>
      <backPressureDataSizeThreshold>1 GB</backPressureDataSizeThreshold>
      <backPressureObjectThreshold>10000</backPressureObjectThreshold>
      <destination>
        <groupId>f9113aca-2254-3e63-0000-000000000000</groupId>
        <id>600a406f-93fe-317c-0000-000000000000</id>
        <type>INPUT_PORT</type>
      </destination>
      <flowFileExpiration>20 sec</flowFileExpiration>
      <labelIndex>1</labelIndex>
      <name></name>
      <source>
        <groupId>349cdb29-cb09-36b2-0000-000000000000</groupId>
        <id>e3d7ee0b-086b-3bef-0000-000000000000</id>
        <type>INPUT_PORT</type>
      </source>
      <zIndex>0</zIndex>
    </connections>
    <inputPorts>
      <id>e3d7ee0b-086b-3bef-0000-000000000000</id>
      <parentGroupId>349cdb29-cb09-36b2-0000-000000000000</parentGroupId>
      <position>
        <x>63.37165076133374</x>
        <y>0.0</y>
      </position>
      <comments></comments>
      <concurrentlySchedulableTaskCount>1</concurrentlySchedulableTaskCount>
      <name>ProvStream</name>
      <state>RUNNING</state>
      <transmitting>true</transmitting>
      <type>INPUT_PORT</type>
    </inputPorts>
    <processGroups>
      <id>cd5af91d-3dd7-3a3b-0000-000000000000</id>
      <parentGroupId>349cdb29-cb09-36b2-0000-000000000000</parentGroupId>
      <position>
        <x>484.53115075834864</x>
        <y>31.55662975633804</y>
      </position>
      <comments></comments>
      <contents>
        <connections>
          <id>fd074549-f3a1-3053-0000-000000000000</id>
          <parentGroupId>cd5af91d-3dd7-3a3b-0000-000000000000</parentGroupId>
          <backPressureDataSizeThreshold>1 GB</backPressureDataSizeThreshold>
          <backPressureObjectThreshold>10000</backPressureObjectThreshold>
          <destination>
            <groupId>cd5af91d-3dd7-3a3b-0000-000000000000</groupId>
            <id>c71349c1-fd8e-3944-0000-000000000000</id>
            <type>PROCESSOR</type>
          </destination>
          <flowFileExpiration>0 sec</flowFileExpiration>
          <labelIndex>1</labelIndex>
          <name></name>
          <selectedRelationships>success</selectedRelationships>
          <source>
            <groupId>cd5af91d-3dd7-3a3b-0000-000000000000</groupId>
            <id>29e6ea11-132c-3ddb-0000-000000000000</id>
            <type>PROCESSOR</type>
          </source>
          <zIndex>0</zIndex>
        </connections>
        <processors>
          <id>c71349c1-fd8e-3944-0000-000000000000</id>
          <parentGroupId>cd5af91d-3dd7-3a3b-0000-000000000000</parentGroupId>
          <position>
            <x>173.00001126814175</x>
            <y>232.0000024412784</y>
          </position>
          <bundle>
            <artifact>nifi-update-attribute-nar</artifact>
            <group>org.apache.nifi</group>
            <version>1.2.0</version>
          </bundle>
          <config>
            <bulletinLevel>WARN</bulletinLevel>
            <comments></comments>
            <concurrentlySchedulableTaskCount>1</concurrentlySchedulableTaskCount>
            <descriptors>
              <entry>
                <key>Delete Attributes Expression</key>
                <value>
                  <name>Delete Attributes Expression</name>
                </value>
              </entry>
              <entry>
                <key>Store State</key>
                <value>
                  <name>Store State</name>
                </value>
              </entry>
              <entry>
                <key>Stateful Variables Initial Value</key>
                <value>
                  <name>Stateful Variables Initial Value</name>
                </value>
              </entry>
            </descriptors>
            <executionNode>ALL</executionNode>
            <lossTolerant>false</lossTolerant>
            <penaltyDuration>30 sec</penaltyDuration>
            <properties>
              <entry>
                <key>Delete Attributes Expression</key>
              </entry>
              <entry>
                <key>Store State</key>
                <value>Do not store state</value>
              </entry>
              <entry>
                <key>Stateful Variables Initial Value</key>
              </entry>
            </properties>
            <runDurationMillis>0</runDurationMillis>
            <schedulingPeriod>0 sec</schedulingPeriod>
            <schedulingStrategy>TIMER_DRIVEN</schedulingStrategy>
            <yieldDuration>1 sec</yieldDuration>
          </config>
          <name>Drip Catcher</name>
          <relationships>
            <autoTerminate>true</autoTerminate>
            <name>success</name>
          </relationships>
          <style></style>
          <type>org.apache.nifi.processors.attributes.UpdateAttribute</type>
        </processors>
        <processors>
          <id>29e6ea11-132c-3ddb-0000-000000000000</id>
          <parentGroupId>cd5af91d-3dd7-3a3b-0000-000000000000</parentGroupId>
          <position>
            <x>171.00001126814175</x>
            <y>32.000002441278426</y>
          </position>
          <bundle>
            <artifact>nifi-standard-nar</artifact>
            <group>org.apache.nifi</group>
            <version>1.2.0</version>
          </bundle>
          <config>
            <bulletinLevel>WARN</bulletinLevel>
            <comments></comments>
            <concurrentlySchedulableTaskCount>1</concurrentlySchedulableTaskCount>
            <descriptors>
              <entry>
                <key>File Size</key>
                <value>
                  <name>File Size</name>
                </value>
              </entry>
              <entry>
                <key>Batch Size</key>
                <value>
                  <name>Batch Size</name>
                </value>
              </entry>
              <entry>
                <key>Data Format</key>
                <value>
                  <name>Data Format</name>
                </value>
              </entry>
              <entry>
                <key>Unique FlowFiles</key>
                <value>
                  <name>Unique FlowFiles</name>
                </value>
              </entry>
              <entry>
                <key>generate-ff-custom-text</key>
                <value>
                  <name>generate-ff-custom-text</name>
                </value>
              </entry>
            </descriptors>
            <executionNode>ALL</executionNode>
            <lossTolerant>false</lossTolerant>
            <penaltyDuration>30 sec</penaltyDuration>
            <properties>
              <entry>
                <key>File Size</key>
                <value>0B</value>
              </entry>
              <entry>
                <key>Batch Size</key>
                <value>1</value>
              </entry>
              <entry>
                <key>Data Format</key>
                <value>Text</value>
              </entry>
              <entry>
                <key>Unique FlowFiles</key>
                <value>false</value>
              </entry>
              <entry>
                <key>generate-ff-custom-text</key>
              </entry>
            </properties>
            <runDurationMillis>0</runDurationMillis>
            <schedulingPeriod>1 sec</schedulingPeriod>
            <schedulingStrategy>TIMER_DRIVEN</schedulingStrategy>
            <yieldDuration>1 sec</yieldDuration>
          </config>
          <name>Slow Drip Data</name>
          <relationships>
            <autoTerminate>false</autoTerminate>
            <name>success</name>
          </relationships>
          <style></style>
          <type>org.apache.nifi.processors.standard.GenerateFlowFile</type>
        </processors>
      </contents>
      <name>Generate Contrived Provenance</name>
    </processGroups>
    <processGroups>
      <id>f9113aca-2254-3e63-0000-000000000000</id>
      <parentGroupId>349cdb29-cb09-36b2-0000-000000000000</parentGroupId>
      <position>
        <x>0.0</x>
        <y>154.37959893803514</y>
      </position>
      <comments></comments>
      <contents>
        <connections>
          <id>ae6af891-9858-30ce-0000-000000000000</id>
          <parentGroupId>f9113aca-2254-3e63-0000-000000000000</parentGroupId>
          <backPressureDataSizeThreshold>1 GB</backPressureDataSizeThreshold>
          <backPressureObjectThreshold>10000</backPressureObjectThreshold>
          <destination>
            <groupId>f9113aca-2254-3e63-0000-000000000000</groupId>
            <id>34cb13eb-e015-3763-0000-000000000000</id>
            <type>PROCESSOR</type>
          </destination>
          <flowFileExpiration>0 sec</flowFileExpiration>
          <labelIndex>1</labelIndex>
          <name></name>
          <selectedRelationships>success</selectedRelationships>
          <source>
            <groupId>f9113aca-2254-3e63-0000-000000000000</groupId>
            <id>14a5acea-9e03-345c-0000-000000000000</id>
            <type>PROCESSOR</type>
          </source>
          <zIndex>0</zIndex>
        </connections>
        <connections>
          <id>d439d663-14f0-3819-0000-000000000000</id>
          <parentGroupId>f9113aca-2254-3e63-0000-000000000000</parentGroupId>
          <backPressureDataSizeThreshold>1 GB</backPressureDataSizeThreshold>
          <backPressureObjectThreshold>10000</backPressureObjectThreshold>
          <destination>
            <groupId>f9113aca-2254-3e63-0000-000000000000</groupId>
            <id>6645d0ef-8914-3569-0000-000000000000</id>
            <type>PROCESSOR</type>
          </destination>
          <flowFileExpiration>0 sec</flowFileExpiration>
          <labelIndex>1</labelIndex>
          <name></name>
          <selectedRelationships>success</selectedRelationships>
          <source>
            <groupId>f9113aca-2254-3e63-0000-000000000000</groupId>
            <id>79bce736-dbe1-3801-0000-000000000000</id>
            <type>PROCESSOR</type>
          </source>
          <zIndex>0</zIndex>
        </connections>
        <connections>
          <id>e5837995-2b8a-3217-0000-000000000000</id>
          <parentGroupId>f9113aca-2254-3e63-0000-000000000000</parentGroupId>
          <backPressureDataSizeThreshold>1 GB</backPressureDataSizeThreshold>
          <backPressureObjectThreshold>10000</backPressureObjectThreshold>
          <destination>
            <groupId>f9113aca-2254-3e63-0000-000000000000</groupId>
            <id>e4d6718e-c554-38a0-0000-000000000000</id>
            <type>PROCESSOR</type>
          </destination>
          <flowFileExpiration>0 sec</flowFileExpiration>
          <labelIndex>1</labelIndex>
          <name></name>
          <source>
            <groupId>f9113aca-2254-3e63-0000-000000000000</groupId>
            <id>600a406f-93fe-317c-0000-000000000000</id>
            <type>INPUT_PORT</type>
          </source>
          <zIndex>0</zIndex>
        </connections>
        <connections>
          <id>26b9b816-6e7d-3f03-0000-000000000000</id>
          <parentGroupId>f9113aca-2254-3e63-0000-000000000000</parentGroupId>
          <backPressureDataSizeThreshold>1 GB</backPressureDataSizeThreshold>
          <backPressureObjectThreshold>10000</backPressureObjectThreshold>
          <destination>
            <groupId>f9113aca-2254-3e63-0000-000000000000</groupId>
            <id>2daf6593-0b10-3793-0000-000000000000</id>
            <type>PROCESSOR</type>
          </destination>
          <flowFileExpiration>0 sec</flowFileExpiration>
          <labelIndex>1</labelIndex>
          <name></name>
          <selectedRelationships>fork events</selectedRelationships>
          <source>
            <groupId>f9113aca-2254-3e63-0000-000000000000</groupId>
            <id>e4d6718e-c554-38a0-0000-000000000000</id>
            <type>PROCESSOR</type>
          </source>
          <zIndex>0</zIndex>
        </connections>
        <connections>
          <id>2e5aaa68-e882-3fad-0000-000000000000</id>
          <parentGroupId>f9113aca-2254-3e63-0000-000000000000</parentGroupId>
          <backPressureDataSizeThreshold>1 GB</backPressureDataSizeThreshold>
          <backPressureObjectThreshold>10000</backPressureObjectThreshold>
          <destination>
            <groupId>f9113aca-2254-3e63-0000-000000000000</groupId>
            <id>79bce736-dbe1-3801-0000-000000000000</id>
            <type>PROCESSOR</type>
          </destination>
          <flowFileExpiration>0 sec</flowFileExpiration>
          <labelIndex>1</labelIndex>
          <name></name>
          <selectedRelationships>fork events</selectedRelationships>
          <source>
            <groupId>f9113aca-2254-3e63-0000-000000000000</groupId>
            <id>e4d6718e-c554-38a0-0000-000000000000</id>
            <type>PROCESSOR</type>
          </source>
          <zIndex>0</zIndex>
        </connections>
        <connections>
          <id>500ce771-5ce4-3a3f-0000-000000000000</id>
          <parentGroupId>f9113aca-2254-3e63-0000-000000000000</parentGroupId>
          <backPressureDataSizeThreshold>1 GB</backPressureDataSizeThreshold>
          <backPressureObjectThreshold>10000</backPressureObjectThreshold>
          <destination>
            <groupId>f9113aca-2254-3e63-0000-000000000000</groupId>
            <id>d10ecc0f-41bd-3b91-0000-000000000000</id>
            <type>PROCESSOR</type>
          </destination>
          <flowFileExpiration>0 sec</flowFileExpiration>
          <labelIndex>1</labelIndex>
          <name></name>
          <selectedRelationships>success</selectedRelationships>
          <source>
            <groupId>f9113aca-2254-3e63-0000-000000000000</groupId>
            <id>2daf6593-0b10-3793-0000-000000000000</id>
            <type>PROCESSOR</type>
          </source>
          <zIndex>0</zIndex>
        </connections>
        <connections>
          <id>7281fccc-7a10-3fb3-0000-000000000000</id>
          <parentGroupId>f9113aca-2254-3e63-0000-000000000000</parentGroupId>
          <backPressureDataSizeThreshold>1 GB</backPressureDataSizeThreshold>
          <backPressureObjectThreshold>10000</backPressureObjectThreshold>
          <bends>
            <x>754.2969970703125</x>
            <y>324.2012939453125</y>
          </bends>
          <destination>
            <groupId>f9113aca-2254-3e63-0000-000000000000</groupId>
            <id>14a5acea-9e03-345c-0000-000000000000</id>
            <type>PROCESSOR</type>
          </destination>
          <flowFileExpiration>0 sec</flowFileExpiration>
          <labelIndex>0</labelIndex>
          <name></name>
          <selectedRelationships>fork events</selectedRelationships>
          <source>
            <groupId>f9113aca-2254-3e63-0000-000000000000</groupId>
            <id>e4d6718e-c554-38a0-0000-000000000000</id>
            <type>PROCESSOR</type>
          </source>
          <zIndex>0</zIndex>
        </connections>
        <connections>
          <id>79282bfb-58f4-3f5f-0000-000000000000</id>
          <parentGroupId>f9113aca-2254-3e63-0000-000000000000</parentGroupId>
          <backPressureDataSizeThreshold>1 GB</backPressureDataSizeThreshold>
          <backPressureObjectThreshold>10000</backPressureObjectThreshold>
          <bends>
            <x>-74.86676788330078</x>
            <y>403.3262634277344</y>
          </bends>
          <destination>
            <groupId>f9113aca-2254-3e63-0000-000000000000</groupId>
            <id>cc850298-5f6a-3f71-0000-000000000000</id>
            <type>PROCESSOR</type>
          </destination>
          <flowFileExpiration>0 sec</flowFileExpiration>
          <labelIndex>0</labelIndex>
          <name></name>
          <selectedRelationships>fork events</selectedRelationships>
          <source>
            <groupId>f9113aca-2254-3e63-0000-000000000000</groupId>
            <id>e4d6718e-c554-38a0-0000-000000000000</id>
            <type>PROCESSOR</type>
          </source>
          <zIndex>0</zIndex>
        </connections>
        <controllerServices>
          <id>8233b33f-3c59-324b-0000-000000000000</id>
          <parentGroupId>f9113aca-2254-3e63-0000-000000000000</parentGroupId>
          <bundle>
            <artifact>nifi-record-serialization-services-nar</artifact>
            <group>org.apache.nifi</group>
            <version>1.2.0</version>
          </bundle>
          <comments></comments>
          <descriptors>
            <entry>
              <key>Schema Write Strategy</key>
              <value>
                <name>Schema Write Strategy</name>
              </value>
            </entry>
            <entry>
              <key>schema-access-strategy</key>
              <value>
                <name>schema-access-strategy</name>
              </value>
            </entry>
            <entry>
              <key>schema-registry</key>
              <value>
                <identifiesControllerService>org.apache.nifi.schemaregistry.services.SchemaRegistry</identifiesControllerService>
                <name>schema-registry</name>
              </value>
            </entry>
            <entry>
              <key>schema-name</key>
              <value>
                <name>schema-name</name>
              </value>
            </entry>
            <entry>
              <key>schema-text</key>
              <value>
                <name>schema-text</name>
              </value>
            </entry>
            <entry>
              <key>Date Format</key>
              <value>
                <name>Date Format</name>
              </value>
            </entry>
            <entry>
              <key>Time Format</key>
              <value>
                <name>Time Format</name>
              </value>
            </entry>
            <entry>
              <key>Timestamp Format</key>
              <value>
                <name>Timestamp Format</name>
              </value>
            </entry>
            <entry>
              <key>CSV Format</key>
              <value>
                <name>CSV Format</name>
              </value>
            </entry>
            <entry>
              <key>Value Separator</key>
              <value>
                <name>Value Separator</name>
              </value>
            </entry>
            <entry>
              <key>Include Header Line</key>
              <value>
                <name>Include Header Line</name>
              </value>
            </entry>
            <entry>
              <key>Quote Character</key>
              <value>
                <name>Quote Character</name>
              </value>
            </entry>
            <entry>
              <key>Escape Character</key>
              <value>
                <name>Escape Character</name>
              </value>
            </entry>
            <entry>
              <key>Comment Marker</key>
              <value>
                <name>Comment Marker</name>
              </value>
            </entry>
            <entry>
              <key>Null String</key>
              <value>
                <name>Null String</name>
              </value>
            </entry>
            <entry>
              <key>Trim Fields</key>
              <value>
                <name>Trim Fields</name>
              </value>
            </entry>
            <entry>
              <key>Quote Mode</key>
              <value>
                <name>Quote Mode</name>
              </value>
            </entry>
            <entry>
              <key>Record Separator</key>
              <value>
                <name>Record Separator</name>
              </value>
            </entry>
            <entry>
              <key>Include Trailing Delimiter</key>
              <value>
                <name>Include Trailing Delimiter</name>
              </value>
            </entry>
          </descriptors>
          <name>Write Prov CSV</name>
          <persistsState>false</persistsState>
          <properties>
            <entry>
              <key>Schema Write Strategy</key>
              <value>schema-name</value>
            </entry>
            <entry>
              <key>schema-access-strategy</key>
              <value>schema-name</value>
            </entry>
            <entry>
              <key>schema-registry</key>
              <value>660eb0ce-11c3-3063-0000-000000000000</value>
            </entry>
            <entry>
              <key>schema-name</key>
              <value>provenanceEvent</value>
            </entry>
            <entry>
              <key>schema-text</key>
              <value>${avro.schema}</value>
            </entry>
            <entry>
              <key>Date Format</key>
            </entry>
            <entry>
              <key>Time Format</key>
            </entry>
            <entry>
              <key>Timestamp Format</key>
            </entry>
            <entry>
              <key>CSV Format</key>
              <value>custom</value>
            </entry>
            <entry>
              <key>Value Separator</key>
              <value>,</value>
            </entry>
            <entry>
              <key>Include Header Line</key>
              <value>true</value>
            </entry>
            <entry>
              <key>Quote Character</key>
              <value>"</value>
            </entry>
            <entry>
              <key>Escape Character</key>
              <value>\</value>
            </entry>
            <entry>
              <key>Comment Marker</key>
            </entry>
            <entry>
              <key>Null String</key>
            </entry>
            <entry>
              <key>Trim Fields</key>
              <value>true</value>
            </entry>
            <entry>
              <key>Quote Mode</key>
              <value>MINIMAL</value>
            </entry>
            <entry>
              <key>Record Separator</key>
              <value>\n</value>
            </entry>
            <entry>
              <key>Include Trailing Delimiter</key>
              <value>false</value>
            </entry>
          </properties>
          <state>ENABLED</state>
          <type>org.apache.nifi.csv.CSVRecordSetWriter</type>
        </controllerServices>
        <controllerServices>
          <id>9fec5cb6-22c0-3596-0000-000000000000</id>
          <parentGroupId>f9113aca-2254-3e63-0000-000000000000</parentGroupId>
          <bundle>
            <artifact>nifi-record-serialization-services-nar</artifact>
            <group>org.apache.nifi</group>
            <version>1.2.0</version>
          </bundle>
          <comments></comments>
          <descriptors>
            <entry>
              <key>Schema Write Strategy</key>
              <value>
                <name>Schema Write Strategy</name>
              </value>
            </entry>
            <entry>
              <key>schema-access-strategy</key>
              <value>
                <name>schema-access-strategy</name>
              </value>
            </entry>
            <entry>
              <key>schema-registry</key>
              <value>
                <identifiesControllerService>org.apache.nifi.schemaregistry.services.SchemaRegistry</identifiesControllerService>
                <name>schema-registry</name>
              </value>
            </entry>
            <entry>
              <key>schema-name</key>
              <value>
                <name>schema-name</name>
              </value>
            </entry>
            <entry>
              <key>schema-text</key>
              <value>
                <name>schema-text</name>
              </value>
            </entry>
          </descriptors>
          <name>Write Prov Avro</name>
          <persistsState>false</persistsState>
          <properties>
            <entry>
              <key>Schema Write Strategy</key>
              <value>avro-embedded</value>
            </entry>
            <entry>
              <key>schema-access-strategy</key>
              <value>schema-name</value>
            </entry>
            <entry>
              <key>schema-registry</key>
              <value>660eb0ce-11c3-3063-0000-000000000000</value>
            </entry>
            <entry>
              <key>schema-name</key>
              <value>provenanceEvent</value>
            </entry>
            <entry>
              <key>schema-text</key>
              <value>${avro.schema}</value>
            </entry>
          </properties>
          <state>ENABLED</state>
          <type>org.apache.nifi.avro.AvroRecordSetWriter</type>
        </controllerServices>
        <controllerServices>
          <id>d9ced2ed-20e0-3425-0000-000000000000</id>
          <parentGroupId>f9113aca-2254-3e63-0000-000000000000</parentGroupId>
          <bundle>
            <artifact>nifi-scripting-nar</artifact>
            <group>org.apache.nifi</group>
            <version>1.2.0</version>
          </bundle>
          <comments></comments>
          <descriptors>
            <entry>
              <key>Script Engine</key>
              <value>
                <name>Script Engine</name>
              </value>
            </entry>
            <entry>
              <key>Script File</key>
              <value>
                <name>Script File</name>
              </value>
            </entry>
            <entry>
              <key>Script Body</key>
              <value>
                <name>Script Body</name>
              </value>
            </entry>
            <entry>
              <key>Module Directory</key>
              <value>
                <name>Module Directory</name>
              </value>
            </entry>
          </descriptors>
          <name>Write Prov XML</name>
          <persistsState>false</persistsState>
          <properties>
            <entry>
              <key>Script Engine</key>
              <value>Groovy</value>
            </entry>
            <entry>
              <key>Script File</key>
            </entry>
            <entry>
              <key>Script Body</key>
              <value>import groovy.xml.MarkupBuilder
import org.apache.nifi.controller.AbstractControllerService
import org.apache.nifi.flowfile.FlowFile
import org.apache.nifi.logging.ComponentLog
import org.apache.nifi.schema.access.SchemaNotFoundException
import org.apache.nifi.serialization.RecordSetWriter
import org.apache.nifi.serialization.RecordSetWriterFactory
import org.apache.nifi.serialization.WriteResult
import org.apache.nifi.serialization.record.Record
import org.apache.nifi.serialization.record.RecordSet
import org.apache.nifi.stream.io.NonCloseableOutputStream


class GroovyRecordSetWriter implements RecordSetWriter {

    @Override
    WriteResult write(Record r, OutputStream out) throws IOException {
        new OutputStreamWriter(new NonCloseableOutputStream(out)).with {osw -&gt;
            new MarkupBuilder(osw).record {
                r.schema.fieldNames.each {fieldName -&gt;
                    "$fieldName" r.getValue(fieldName)
                }
            }
        }
        WriteResult.of(0, [:])
    }

    @Override
    String getMimeType() {
        return 'application/xml'
    }

    @Override
    WriteResult write(final RecordSet rs, final OutputStream rawOut) throws IOException {
        int count = 0

        new OutputStreamWriter(new NonCloseableOutputStream(rawOut)).with {osw -&gt;
            new MarkupBuilder(osw).recordSet {

                Record r
                while (r = rs.next()) {
                    count++

                    record {
                        rs.schema.fieldNames.each {fieldName -&gt;
                            "$fieldName" r.getValue(fieldName)
                        }
                    }
                }
            }
        }
        WriteResult.of(count, [:])
    }
}

class GroovyRecordSetWriterFactory extends AbstractControllerService implements RecordSetWriterFactory {

    @Override
    RecordSetWriter createWriter(ComponentLog logger, FlowFile flowFile, InputStream flowFileContent) throws SchemaNotFoundException, IOException {
        return new GroovyRecordSetWriter()
    }
}

writer = new GroovyRecordSetWriterFactory()
</value>
            </entry>
            <entry>
              <key>Module Directory</key>
            </entry>
          </properties>
          <state>ENABLED</state>
          <type>org.apache.nifi.record.script.ScriptedRecordSetWriter</type>
        </controllerServices>
        <controllerServices>
          <id>e6df157e-488e-3818-0000-000000000000</id>
          <parentGroupId>f9113aca-2254-3e63-0000-000000000000</parentGroupId>
          <bundle>
            <artifact>nifi-record-serialization-services-nar</artifact>
            <group>org.apache.nifi</group>
            <version>1.2.0</version>
          </bundle>
          <comments></comments>
          <descriptors>
            <entry>
              <key>schema-access-strategy</key>
              <value>
                <name>schema-access-strategy</name>
              </value>
            </entry>
            <entry>
              <key>schema-registry</key>
              <value>
                <identifiesControllerService>org.apache.nifi.schemaregistry.services.SchemaRegistry</identifiesControllerService>
                <name>schema-registry</name>
              </value>
            </entry>
            <entry>
              <key>schema-name</key>
              <value>
                <name>schema-name</name>
              </value>
            </entry>
            <entry>
              <key>schema-text</key>
              <value>
                <name>schema-text</name>
              </value>
            </entry>
            <entry>
              <key>Date Format</key>
              <value>
                <name>Date Format</name>
              </value>
            </entry>
            <entry>
              <key>Time Format</key>
              <value>
                <name>Time Format</name>
              </value>
            </entry>
            <entry>
              <key>Timestamp Format</key>
              <value>
                <name>Timestamp Format</name>
              </value>
            </entry>
          </descriptors>
          <name>Read Prov JSON</name>
          <persistsState>false</persistsState>
          <properties>
            <entry>
              <key>schema-access-strategy</key>
              <value>schema-name</value>
            </entry>
            <entry>
              <key>schema-registry</key>
              <value>660eb0ce-11c3-3063-0000-000000000000</value>
            </entry>
            <entry>
              <key>schema-name</key>
              <value>provenanceEvent</value>
            </entry>
            <entry>
              <key>schema-text</key>
              <value>${avro.schema}</value>
            </entry>
            <entry>
              <key>Date Format</key>
            </entry>
            <entry>
              <key>Time Format</key>
            </entry>
            <entry>
              <key>Timestamp Format</key>
            </entry>
          </properties>
          <state>ENABLED</state>
          <type>org.apache.nifi.json.JsonTreeReader</type>
        </controllerServices>
        <controllerServices>
          <id>660eb0ce-11c3-3063-0000-000000000000</id>
          <parentGroupId>f9113aca-2254-3e63-0000-000000000000</parentGroupId>
          <bundle>
            <artifact>nifi-registry-nar</artifact>
            <group>org.apache.nifi</group>
            <version>1.2.0</version>
          </bundle>
          <comments></comments>
          <descriptors>
            <entry>
              <key>provenanceEvent</key>
              <value>
                <name>provenanceEvent</name>
              </value>
            </entry>
          </descriptors>
          <name>Internal Avro Schema Registry</name>
          <persistsState>false</persistsState>
          <properties>
            <entry>
              <key>provenanceEvent</key>
              <value>{
 "namespace": "nifi",
 "name": "provenanceEvent",
 "type": "record",
 "fields": [
  {
   "name": "eventId",
   "type": "string"
  },
  {
   "name": "eventOrdinal",
   "type": "long"
  },
  {
   "name": "eventType",
   "type": "string"
  },
  {
   "name": "timestampMillis",
   "type": {
    "type": "long",
    "logicalType": "timestamp-millis"
   }
  },
  {
   "name": "durationMillis",
   "type": "long"
  },
  {
   "name": "lineageStart",
   "type": {
    "type": "long",
    "logicalType": "timestamp-millis"
   }
  },
  {
   "name": "details",
   "type": [
    "null",
    "string"
   ]
  },
  {
   "name": "componentId",
   "type": "string"
  },
  {
   "name": "componentName",
   "type": [
    "null",
    "string"
   ]
  },
  {
   "name": "componentType",
   "type": "string"
  },
  {
   "name": "entityId",
   "type": "string"
  },
  {
   "name": "entityType",
   "type": "string"
  },
  {
   "name": "entitySize",
   "type": [
    "null",
    "long"
   ]
  },
  {
   "name": "previousEntitySize",
   "type": [
    "null",
    "long"
   ]
  },
  {
   "name": "updatedAttributes",
   "type": {
    "type": "map",
    "values": "string"
   }
  },
  {
   "name": "previousAttributes",
   "type": {
    "type": "map",
    "values": "string"
   }
  },
  {
   "name": "actorHostname",
   "type": [
    "null",
    "string"
   ]
  },
  {
   "name": "contentURI",
   "type": [
    "null",
    "string"
   ]
  },
  {
   "name": "previousContentURI",
   "type": "string"
  },
  {
   "name": "parentIds",
   "type": {
    "type": "array",
    "items": "string"
   }
  },
  {
   "name": "childIds",
   "type": {
    "type": "array",
    "items": "string"
   }
  },
  {
   "name": "platform",
   "type": [
    "null",
    "string"
   ]
  },
  {
   "name": "application",
   "type": [
    "null",
    "string"
   ]
  },
  {
   "name": "transitUri",
   "type": [
    "null",
    "string"
   ]
  }
 ]
}</value>
            </entry>
          </properties>
          <state>ENABLED</state>
          <type>org.apache.nifi.schemaregistry.services.AvroSchemaRegistry</type>
        </controllerServices>
        <controllerServices>
          <id>75c98d16-c9ab-30c9-0000-000000000000</id>
          <parentGroupId>f9113aca-2254-3e63-0000-000000000000</parentGroupId>
          <bundle>
            <artifact>nifi-record-serialization-services-nar</artifact>
            <group>org.apache.nifi</group>
            <version>1.2.0</version>
          </bundle>
          <comments></comments>
          <descriptors>
            <entry>
              <key>Schema Write Strategy</key>
              <value>
                <name>Schema Write Strategy</name>
              </value>
            </entry>
            <entry>
              <key>schema-access-strategy</key>
              <value>
                <name>schema-access-strategy</name>
              </value>
            </entry>
            <entry>
              <key>schema-registry</key>
              <value>
                <identifiesControllerService>org.apache.nifi.schemaregistry.services.SchemaRegistry</identifiesControllerService>
                <name>schema-registry</name>
              </value>
            </entry>
            <entry>
              <key>schema-name</key>
              <value>
                <name>schema-name</name>
              </value>
            </entry>
            <entry>
              <key>schema-text</key>
              <value>
                <name>schema-text</name>
              </value>
            </entry>
            <entry>
              <key>Date Format</key>
              <value>
                <name>Date Format</name>
              </value>
            </entry>
            <entry>
              <key>Time Format</key>
              <value>
                <name>Time Format</name>
              </value>
            </entry>
            <entry>
              <key>Timestamp Format</key>
              <value>
                <name>Timestamp Format</name>
              </value>
            </entry>
            <entry>
              <key>Pretty Print JSON</key>
              <value>
                <name>Pretty Print JSON</name>
              </value>
            </entry>
          </descriptors>
          <name>Write Prov JSON</name>
          <persistsState>false</persistsState>
          <properties>
            <entry>
              <key>Schema Write Strategy</key>
              <value>schema-name</value>
            </entry>
            <entry>
              <key>schema-access-strategy</key>
              <value>schema-name</value>
            </entry>
            <entry>
              <key>schema-registry</key>
              <value>660eb0ce-11c3-3063-0000-000000000000</value>
            </entry>
            <entry>
              <key>schema-name</key>
              <value>provenanceEvent</value>
            </entry>
            <entry>
              <key>schema-text</key>
              <value>${avro.schema}</value>
            </entry>
            <entry>
              <key>Date Format</key>
            </entry>
            <entry>
              <key>Time Format</key>
            </entry>
            <entry>
              <key>Timestamp Format</key>
            </entry>
            <entry>
              <key>Pretty Print JSON</key>
              <value>false</value>
            </entry>
          </properties>
          <state>ENABLED</state>
          <type>org.apache.nifi.json.JsonRecordSetWriter</type>
        </controllerServices>
        <inputPorts>
          <id>600a406f-93fe-317c-0000-000000000000</id>
          <parentGroupId>f9113aca-2254-3e63-0000-000000000000</parentGroupId>
          <position>
            <x>329.9999996932415</x>
            <y>41.72570281969641</y>
          </position>
          <comments></comments>
          <concurrentlySchedulableTaskCount>1</concurrentlySchedulableTaskCount>
          <name>Reported Provenance Stream</name>
          <state>RUNNING</state>
          <type>INPUT_PORT</type>
        </inputPorts>
        <processors>
          <id>cc850298-5f6a-3f71-0000-000000000000</id>
          <parentGroupId>f9113aca-2254-3e63-0000-000000000000</parentGroupId>
          <position>
            <x>-251.76079223556133</x>
            <y>602.1350737752764</y>
          </position>
          <bundle>
            <artifact>nifi-update-attribute-nar</artifact>
            <group>org.apache.nifi</group>
            <version>1.2.0</version>
          </bundle>
          <config>
            <bulletinLevel>WARN</bulletinLevel>
            <comments></comments>
            <concurrentlySchedulableTaskCount>1</concurrentlySchedulableTaskCount>
            <descriptors>
              <entry>
                <key>Delete Attributes Expression</key>
                <value>
                  <name>Delete Attributes Expression</name>
                </value>
              </entry>
              <entry>
                <key>Store State</key>
                <value>
                  <name>Store State</name>
                </value>
              </entry>
              <entry>
                <key>Stateful Variables Initial Value</key>
                <value>
                  <name>Stateful Variables Initial Value</name>
                </value>
              </entry>
            </descriptors>
            <executionNode>ALL</executionNode>
            <lossTolerant>false</lossTolerant>
            <penaltyDuration>30 sec</penaltyDuration>
            <properties>
              <entry>
                <key>Delete Attributes Expression</key>
              </entry>
              <entry>
                <key>Store State</key>
                <value>Do not store state</value>
              </entry>
              <entry>
                <key>Stateful Variables Initial Value</key>
              </entry>
            </properties>
            <runDurationMillis>0</runDurationMillis>
            <schedulingPeriod>0 sec</schedulingPeriod>
            <schedulingStrategy>TIMER_DRIVEN</schedulingStrategy>
            <yieldDuration>1 sec</yieldDuration>
          </config>
          <name>JSON</name>
          <relationships>
            <autoTerminate>true</autoTerminate>
            <name>success</name>
          </relationships>
          <style></style>
          <type>org.apache.nifi.processors.attributes.UpdateAttribute</type>
        </processors>
        <processors>
          <id>d10ecc0f-41bd-3b91-0000-000000000000</id>
          <parentGroupId>f9113aca-2254-3e63-0000-000000000000</parentGroupId>
          <position>
            <x>458.84856060919753</x>
            <y>602.9862663884733</y>
          </position>
          <bundle>
            <artifact>nifi-update-attribute-nar</artifact>
            <group>org.apache.nifi</group>
            <version>1.2.0</version>
          </bundle>
          <config>
            <bulletinLevel>WARN</bulletinLevel>
            <comments></comments>
            <concurrentlySchedulableTaskCount>1</concurrentlySchedulableTaskCount>
            <descriptors>
              <entry>
                <key>Delete Attributes Expression</key>
                <value>
                  <name>Delete Attributes Expression</name>
                </value>
              </entry>
              <entry>
                <key>Store State</key>
                <value>
                  <name>Store State</name>
                </value>
              </entry>
              <entry>
                <key>Stateful Variables Initial Value</key>
                <value>
                  <name>Stateful Variables Initial Value</name>
                </value>
              </entry>
            </descriptors>
            <executionNode>ALL</executionNode>
            <lossTolerant>false</lossTolerant>
            <penaltyDuration>30 sec</penaltyDuration>
            <properties>
              <entry>
                <key>Delete Attributes Expression</key>
              </entry>
              <entry>
                <key>Store State</key>
                <value>Do not store state</value>
              </entry>
              <entry>
                <key>Stateful Variables Initial Value</key>
              </entry>
            </properties>
            <runDurationMillis>0</runDurationMillis>
            <schedulingPeriod>0 sec</schedulingPeriod>
            <schedulingStrategy>TIMER_DRIVEN</schedulingStrategy>
            <yieldDuration>1 sec</yieldDuration>
          </config>
          <name>Avro</name>
          <relationships>
            <autoTerminate>true</autoTerminate>
            <name>success</name>
          </relationships>
          <style></style>
          <type>org.apache.nifi.processors.attributes.UpdateAttribute</type>
        </processors>
        <processors>
          <id>e4d6718e-c554-38a0-0000-000000000000</id>
          <parentGroupId>f9113aca-2254-3e63-0000-000000000000</parentGroupId>
          <position>
            <x>278.4385946645773</x>
            <y>151.52586307247552</y>
          </position>
          <bundle>
            <artifact>nifi-standard-nar</artifact>
            <group>org.apache.nifi</group>
            <version>1.2.0</version>
          </bundle>
          <config>
            <bulletinLevel>WARN</bulletinLevel>
            <comments></comments>
            <concurrentlySchedulableTaskCount>1</concurrentlySchedulableTaskCount>
            <descriptors>
              <entry>
                <key>record-reader</key>
                <value>
                  <identifiesControllerService>org.apache.nifi.serialization.RecordReaderFactory</identifiesControllerService>
                  <name>record-reader</name>
                </value>
              </entry>
              <entry>
                <key>record-writer</key>
                <value>
                  <identifiesControllerService>org.apache.nifi.serialization.RecordSetWriterFactory</identifiesControllerService>
                  <name>record-writer</name>
                </value>
              </entry>
              <entry>
                <key>include-zero-record-flowfiles</key>
                <value>
                  <name>include-zero-record-flowfiles</name>
                </value>
              </entry>
              <entry>
                <key>cache-schema</key>
                <value>
                  <name>cache-schema</name>
                </value>
              </entry>
              <entry>
                <key>fork events</key>
                <value>
                  <name>fork events</name>
                </value>
              </entry>
            </descriptors>
            <executionNode>ALL</executionNode>
            <lossTolerant>false</lossTolerant>
            <penaltyDuration>30 sec</penaltyDuration>
            <properties>
              <entry>
                <key>record-reader</key>
                <value>e6df157e-488e-3818-0000-000000000000</value>
              </entry>
              <entry>
                <key>record-writer</key>
                <value>75c98d16-c9ab-30c9-0000-000000000000</value>
              </entry>
              <entry>
                <key>include-zero-record-flowfiles</key>
                <value>true</value>
              </entry>
              <entry>
                <key>cache-schema</key>
                <value>true</value>
              </entry>
              <entry>
                <key>fork events</key>
                <value>select * from FLOWFILE where eventType = 'FORK'</value>
              </entry>
            </properties>
            <runDurationMillis>0</runDurationMillis>
            <schedulingPeriod>0 sec</schedulingPeriod>
            <schedulingStrategy>TIMER_DRIVEN</schedulingStrategy>
            <yieldDuration>1 sec</yieldDuration>
          </config>
          <name>Find all FORK events</name>
          <relationships>
            <autoTerminate>true</autoTerminate>
            <name>failure</name>
          </relationships>
          <relationships>
            <autoTerminate>false</autoTerminate>
            <name>fork events</name>
          </relationships>
          <relationships>
            <autoTerminate>true</autoTerminate>
            <name>original</name>
          </relationships>
          <style></style>
          <type>org.apache.nifi.processors.standard.QueryRecord</type>
        </processors>
        <processors>
          <id>14a5acea-9e03-345c-0000-000000000000</id>
          <parentGroupId>f9113aca-2254-3e63-0000-000000000000</parentGroupId>
          <position>
            <x>810.3087051288</x>
            <y>365.6081099059452</y>
          </position>
          <bundle>
            <artifact>nifi-standard-nar</artifact>
            <group>org.apache.nifi</group>
            <version>1.2.0</version>
          </bundle>
          <config>
            <bulletinLevel>WARN</bulletinLevel>
            <comments></comments>
            <concurrentlySchedulableTaskCount>1</concurrentlySchedulableTaskCount>
            <descriptors>
              <entry>
                <key>record-reader</key>
                <value>
                  <identifiesControllerService>org.apache.nifi.serialization.RecordReaderFactory</identifiesControllerService>
                  <name>record-reader</name>
                </value>
              </entry>
              <entry>
                <key>record-writer</key>
                <value>
                  <identifiesControllerService>org.apache.nifi.serialization.RecordSetWriterFactory</identifiesControllerService>
                  <name>record-writer</name>
                </value>
              </entry>
            </descriptors>
            <executionNode>ALL</executionNode>
            <lossTolerant>false</lossTolerant>
            <penaltyDuration>30 sec</penaltyDuration>
            <properties>
              <entry>
                <key>record-reader</key>
                <value>e6df157e-488e-3818-0000-000000000000</value>
              </entry>
              <entry>
                <key>record-writer</key>
                <value>8233b33f-3c59-324b-0000-000000000000</value>
              </entry>
            </properties>
            <runDurationMillis>0</runDurationMillis>
            <schedulingPeriod>0 sec</schedulingPeriod>
            <schedulingStrategy>TIMER_DRIVEN</schedulingStrategy>
            <yieldDuration>1 sec</yieldDuration>
          </config>
          <name>Convert to CSV</name>
          <relationships>
            <autoTerminate>true</autoTerminate>
            <name>failure</name>
          </relationships>
          <relationships>
            <autoTerminate>false</autoTerminate>
            <name>success</name>
          </relationships>
          <style></style>
          <type>org.apache.nifi.processors.standard.ConvertRecord</type>
        </processors>
        <processors>
          <id>2daf6593-0b10-3793-0000-000000000000</id>
          <parentGroupId>f9113aca-2254-3e63-0000-000000000000</parentGroupId>
          <position>
            <x>453.376119891666</x>
            <y>365.6080529196572</y>
          </position>
          <bundle>
            <artifact>nifi-standard-nar</artifact>
            <group>org.apache.nifi</group>
            <version>1.2.0</version>
          </bundle>
          <config>
            <bulletinLevel>WARN</bulletinLevel>
            <comments></comments>
            <concurrentlySchedulableTaskCount>1</concurrentlySchedulableTaskCount>
            <descriptors>
              <entry>
                <key>record-reader</key>
                <value>
                  <identifiesControllerService>org.apache.nifi.serialization.RecordReaderFactory</identifiesControllerService>
                  <name>record-reader</name>
                </value>
              </entry>
              <entry>
                <key>record-writer</key>
                <value>
                  <identifiesControllerService>org.apache.nifi.serialization.RecordSetWriterFactory</identifiesControllerService>
                  <name>record-writer</name>
                </value>
              </entry>
            </descriptors>
            <executionNode>ALL</executionNode>
            <lossTolerant>false</lossTolerant>
            <penaltyDuration>30 sec</penaltyDuration>
            <properties>
              <entry>
                <key>record-reader</key>
                <value>e6df157e-488e-3818-0000-000000000000</value>
              </entry>
              <entry>
                <key>record-writer</key>
                <value>9fec5cb6-22c0-3596-0000-000000000000</value>
              </entry>
            </properties>
            <runDurationMillis>0</runDurationMillis>
            <schedulingPeriod>0 sec</schedulingPeriod>
            <schedulingStrategy>TIMER_DRIVEN</schedulingStrategy>
            <yieldDuration>1 sec</yieldDuration>
          </config>
          <name>Convert to Avro</name>
          <relationships>
            <autoTerminate>true</autoTerminate>
            <name>failure</name>
          </relationships>
          <relationships>
            <autoTerminate>false</autoTerminate>
            <name>success</name>
          </relationships>
          <style></style>
          <type>org.apache.nifi.processors.standard.ConvertRecord</type>
        </processors>
        <processors>
          <id>34cb13eb-e015-3763-0000-000000000000</id>
          <parentGroupId>f9113aca-2254-3e63-0000-000000000000</parentGroupId>
          <position>
            <x>814.1209906217084</x>
            <y>602.986296393363</y>
          </position>
          <bundle>
            <artifact>nifi-update-attribute-nar</artifact>
            <group>org.apache.nifi</group>
            <version>1.2.0</version>
          </bundle>
          <config>
            <bulletinLevel>WARN</bulletinLevel>
            <comments></comments>
            <concurrentlySchedulableTaskCount>1</concurrentlySchedulableTaskCount>
            <descriptors>
              <entry>
                <key>Delete Attributes Expression</key>
                <value>
                  <name>Delete Attributes Expression</name>
                </value>
              </entry>
              <entry>
                <key>Store State</key>
                <value>
                  <name>Store State</name>
                </value>
              </entry>
              <entry>
                <key>Stateful Variables Initial Value</key>
                <value>
                  <name>Stateful Variables Initial Value</name>
                </value>
              </entry>
            </descriptors>
            <executionNode>ALL</executionNode>
            <lossTolerant>false</lossTolerant>
            <penaltyDuration>30 sec</penaltyDuration>
            <properties>
              <entry>
                <key>Delete Attributes Expression</key>
              </entry>
              <entry>
                <key>Store State</key>
                <value>Do not store state</value>
              </entry>
              <entry>
                <key>Stateful Variables Initial Value</key>
              </entry>
            </properties>
            <runDurationMillis>0</runDurationMillis>
            <schedulingPeriod>0 sec</schedulingPeriod>
            <schedulingStrategy>TIMER_DRIVEN</schedulingStrategy>
            <yieldDuration>1 sec</yieldDuration>
          </config>
          <name>CSV</name>
          <relationships>
            <autoTerminate>true</autoTerminate>
            <name>success</name>
          </relationships>
          <style></style>
          <type>org.apache.nifi.processors.attributes.UpdateAttribute</type>
        </processors>
        <processors>
          <id>6645d0ef-8914-3569-0000-000000000000</id>
          <parentGroupId>f9113aca-2254-3e63-0000-000000000000</parentGroupId>
          <position>
            <x>104.28875058669371</x>
            <y>602.7145407424503</y>
          </position>
          <bundle>
            <artifact>nifi-update-attribute-nar</artifact>
            <group>org.apache.nifi</group>
            <version>1.2.0</version>
          </bundle>
          <config>
            <bulletinLevel>WARN</bulletinLevel>
            <comments></comments>
            <concurrentlySchedulableTaskCount>1</concurrentlySchedulableTaskCount>
            <descriptors>
              <entry>
                <key>Delete Attributes Expression</key>
                <value>
                  <name>Delete Attributes Expression</name>
                </value>
              </entry>
              <entry>
                <key>Store State</key>
                <value>
                  <name>Store State</name>
                </value>
              </entry>
              <entry>
                <key>Stateful Variables Initial Value</key>
                <value>
                  <name>Stateful Variables Initial Value</name>
                </value>
              </entry>
            </descriptors>
            <executionNode>ALL</executionNode>
            <lossTolerant>false</lossTolerant>
            <penaltyDuration>30 sec</penaltyDuration>
            <properties>
              <entry>
                <key>Delete Attributes Expression</key>
              </entry>
              <entry>
                <key>Store State</key>
                <value>Do not store state</value>
              </entry>
              <entry>
                <key>Stateful Variables Initial Value</key>
              </entry>
            </properties>
            <runDurationMillis>0</runDurationMillis>
            <schedulingPeriod>0 sec</schedulingPeriod>
            <schedulingStrategy>TIMER_DRIVEN</schedulingStrategy>
            <yieldDuration>1 sec</yieldDuration>
          </config>
          <name>XML</name>
          <relationships>
            <autoTerminate>true</autoTerminate>
            <name>success</name>
          </relationships>
          <style></style>
          <type>org.apache.nifi.processors.attributes.UpdateAttribute</type>
        </processors>
        <processors>
          <id>79bce736-dbe1-3801-0000-000000000000</id>
          <parentGroupId>f9113aca-2254-3e63-0000-000000000000</parentGroupId>
          <position>
            <x>95.58084893818761</x>
            <y>365.86489249438296</y>
          </position>
          <bundle>
            <artifact>nifi-standard-nar</artifact>
            <group>org.apache.nifi</group>
            <version>1.2.0</version>
          </bundle>
          <config>
            <bulletinLevel>WARN</bulletinLevel>
            <comments></comments>
            <concurrentlySchedulableTaskCount>1</concurrentlySchedulableTaskCount>
            <descriptors>
              <entry>
                <key>record-reader</key>
                <value>
                  <identifiesControllerService>org.apache.nifi.serialization.RecordReaderFactory</identifiesControllerService>
                  <name>record-reader</name>
                </value>
              </entry>
              <entry>
                <key>record-writer</key>
                <value>
                  <identifiesControllerService>org.apache.nifi.serialization.RecordSetWriterFactory</identifiesControllerService>
                  <name>record-writer</name>
                </value>
              </entry>
            </descriptors>
            <executionNode>ALL</executionNode>
            <lossTolerant>false</lossTolerant>
            <penaltyDuration>30 sec</penaltyDuration>
            <properties>
              <entry>
                <key>record-reader</key>
                <value>e6df157e-488e-3818-0000-000000000000</value>
              </entry>
              <entry>
                <key>record-writer</key>
                <value>d9ced2ed-20e0-3425-0000-000000000000</value>
              </entry>
            </properties>
            <runDurationMillis>0</runDurationMillis>
            <schedulingPeriod>0 sec</schedulingPeriod>
            <schedulingStrategy>TIMER_DRIVEN</schedulingStrategy>
            <yieldDuration>1 sec</yieldDuration>
          </config>
          <name>Convert to XML</name>
          <relationships>
            <autoTerminate>true</autoTerminate>
            <name>failure</name>
          </relationships>
          <relationships>
            <autoTerminate>false</autoTerminate>
            <name>success</name>
          </relationships>
          <style></style>
          <type>org.apache.nifi.processors.standard.ConvertRecord</type>
        </processors>
      </contents>
      <name>Provenance R/W</name>
    </processGroups>
  </snippet>
  <timestamp>05/06/2017 11:17:52 EDT</timestamp>
</template>