<?xml version="1.0" ?>
<template encoding-version="1.1">
  <description></description>
  <groupId>53909d0e-015e-1000-a4df-e8bd9a34ddda</groupId>
  <name>publish-to-confluent-kafka</name>
  <snippet>
    <connections>
      <id>93c3440c-c0a3-3ec4-0000-000000000000</id>
      <parentGroupId>23a52081-873c-326d-0000-000000000000</parentGroupId>
      <backPressureDataSizeThreshold>1 GB</backPressureDataSizeThreshold>
      <backPressureObjectThreshold>10000</backPressureObjectThreshold>
      <destination>
        <groupId>23a52081-873c-326d-0000-000000000000</groupId>
        <id>ac2c0355-50d8-3d73-0000-000000000000</id>
        <type>PROCESSOR</type>
      </destination>
      <flowFileExpiration>0 sec</flowFileExpiration>
      <labelIndex>1</labelIndex>
      <name></name>
      <selectedRelationships>success</selectedRelationships>
      <source>
        <groupId>23a52081-873c-326d-0000-000000000000</groupId>
        <id>fa33d617-e11c-35ae-0000-000000000000</id>
        <type>PROCESSOR</type>
      </source>
      <zIndex>0</zIndex>
    </connections>
    <connections>
      <id>6ef41020-b0c4-32c6-0000-000000000000</id>
      <parentGroupId>23a52081-873c-326d-0000-000000000000</parentGroupId>
      <backPressureDataSizeThreshold>1 GB</backPressureDataSizeThreshold>
      <backPressureObjectThreshold>10000</backPressureObjectThreshold>
      <bends>
        <x>456.004150390625</x>
        <y>283.012451171875</y>
      </bends>
      <bends>
        <x>456.004150390625</x>
        <y>333.012451171875</y>
      </bends>
      <destination>
        <groupId>23a52081-873c-326d-0000-000000000000</groupId>
        <id>ac2c0355-50d8-3d73-0000-000000000000</id>
        <type>PROCESSOR</type>
      </destination>
      <flowFileExpiration>0 sec</flowFileExpiration>
      <labelIndex>1</labelIndex>
      <name></name>
      <selectedRelationships>failure</selectedRelationships>
      <source>
        <groupId>23a52081-873c-326d-0000-000000000000</groupId>
        <id>ac2c0355-50d8-3d73-0000-000000000000</id>
        <type>PROCESSOR</type>
      </source>
      <zIndex>0</zIndex>
    </connections>
    <controllerServices>
      <id>c3a9034f-cde4-33a2-0000-000000000000</id>
      <parentGroupId>23a52081-873c-326d-0000-000000000000</parentGroupId>
      <bundle>
        <artifact>nifi-confluent-platform-nar</artifact>
        <group>org.apache.nifi</group>
        <version>1.4.0-SNAPSHOT</version>
      </bundle>
      <comments></comments>
      <descriptors>
        <entry>
          <key>url</key>
          <value>
            <name>url</name>
          </value>
        </entry>
        <entry>
          <key>ssl-context</key>
          <value>
            <identifiesControllerService>org.apache.nifi.ssl.SSLContextService</identifiesControllerService>
            <name>ssl-context</name>
          </value>
        </entry>
        <entry>
          <key>timeout</key>
          <value>
            <name>timeout</name>
          </value>
        </entry>
        <entry>
          <key>cache-size</key>
          <value>
            <name>cache-size</name>
          </value>
        </entry>
        <entry>
          <key>cache-expiration</key>
          <value>
            <name>cache-expiration</name>
          </value>
        </entry>
      </descriptors>
      <name>ConfluentSchemaRegistry</name>
      <persistsState>false</persistsState>
      <properties>
        <entry>
          <key>url</key>
        </entry>
        <entry>
          <key>ssl-context</key>
        </entry>
        <entry>
          <key>timeout</key>
        </entry>
        <entry>
          <key>cache-size</key>
        </entry>
        <entry>
          <key>cache-expiration</key>
        </entry>
      </properties>
      <state>ENABLED</state>
      <type>org.apache.nifi.confluent.schemaregistry.ConfluentSchemaRegistry</type>
    </controllerServices>
    <controllerServices>
      <id>ee5a0318-c914-3832-0000-000000000000</id>
      <parentGroupId>23a52081-873c-326d-0000-000000000000</parentGroupId>
      <bundle>
        <artifact>nifi-record-serialization-services-nar</artifact>
        <group>org.apache.nifi</group>
        <version>1.4.0-SNAPSHOT</version>
      </bundle>
      <comments></comments>
      <descriptors>
        <entry>
          <key>schema-access-strategy</key>
          <value>
            <name>schema-access-strategy</name>
          </value>
        </entry>
        <entry>
          <key>schema-registry</key>
          <value>
            <identifiesControllerService>org.apache.nifi.schemaregistry.services.SchemaRegistry</identifiesControllerService>
            <name>schema-registry</name>
          </value>
        </entry>
        <entry>
          <key>schema-name</key>
          <value>
            <name>schema-name</name>
          </value>
        </entry>
        <entry>
          <key>schema-text</key>
          <value>
            <name>schema-text</name>
          </value>
        </entry>
        <entry>
          <key>Date Format</key>
          <value>
            <name>Date Format</name>
          </value>
        </entry>
        <entry>
          <key>Time Format</key>
          <value>
            <name>Time Format</name>
          </value>
        </entry>
        <entry>
          <key>Timestamp Format</key>
          <value>
            <name>Timestamp Format</name>
          </value>
        </entry>
        <entry>
          <key>CSV Format</key>
          <value>
            <name>CSV Format</name>
          </value>
        </entry>
        <entry>
          <key>Value Separator</key>
          <value>
            <name>Value Separator</name>
          </value>
        </entry>
        <entry>
          <key>Skip Header Line</key>
          <value>
            <name>Skip Header Line</name>
          </value>
        </entry>
        <entry>
          <key>ignore-csv-header</key>
          <value>
            <name>ignore-csv-header</name>
          </value>
        </entry>
        <entry>
          <key>Quote Character</key>
          <value>
            <name>Quote Character</name>
          </value>
        </entry>
        <entry>
          <key>Escape Character</key>
          <value>
            <name>Escape Character</name>
          </value>
        </entry>
        <entry>
          <key>Comment Marker</key>
          <value>
            <name>Comment Marker</name>
          </value>
        </entry>
        <entry>
          <key>Null String</key>
          <value>
            <name>Null String</name>
          </value>
        </entry>
        <entry>
          <key>Trim Fields</key>
          <value>
            <name>Trim Fields</name>
          </value>
        </entry>
      </descriptors>
      <name>CSVReader</name>
      <persistsState>false</persistsState>
      <properties>
        <entry>
          <key>schema-access-strategy</key>
        </entry>
        <entry>
          <key>schema-registry</key>
        </entry>
        <entry>
          <key>schema-name</key>
        </entry>
        <entry>
          <key>schema-text</key>
        </entry>
        <entry>
          <key>Date Format</key>
        </entry>
        <entry>
          <key>Time Format</key>
        </entry>
        <entry>
          <key>Timestamp Format</key>
        </entry>
        <entry>
          <key>CSV Format</key>
        </entry>
        <entry>
          <key>Value Separator</key>
        </entry>
        <entry>
          <key>Skip Header Line</key>
          <value>true</value>
        </entry>
        <entry>
          <key>ignore-csv-header</key>
        </entry>
        <entry>
          <key>Quote Character</key>
        </entry>
        <entry>
          <key>Escape Character</key>
        </entry>
        <entry>
          <key>Comment Marker</key>
        </entry>
        <entry>
          <key>Null String</key>
        </entry>
        <entry>
          <key>Trim Fields</key>
        </entry>
      </properties>
      <state>ENABLED</state>
      <type>org.apache.nifi.csv.CSVReader</type>
    </controllerServices>
    <controllerServices>
      <id>7fa3c3e3-c3bf-3a0f-0000-000000000000</id>
      <parentGroupId>23a52081-873c-326d-0000-000000000000</parentGroupId>
      <bundle>
        <artifact>nifi-record-serialization-services-nar</artifact>
        <group>org.apache.nifi</group>
        <version>1.4.0-SNAPSHOT</version>
      </bundle>
      <comments></comments>
      <descriptors>
        <entry>
          <key>Schema Write Strategy</key>
          <value>
            <name>Schema Write Strategy</name>
          </value>
        </entry>
        <entry>
          <key>schema-access-strategy</key>
          <value>
            <name>schema-access-strategy</name>
          </value>
        </entry>
        <entry>
          <key>schema-registry</key>
          <value>
            <identifiesControllerService>org.apache.nifi.schemaregistry.services.SchemaRegistry</identifiesControllerService>
            <name>schema-registry</name>
          </value>
        </entry>
        <entry>
          <key>schema-name</key>
          <value>
            <name>schema-name</name>
          </value>
        </entry>
        <entry>
          <key>schema-text</key>
          <value>
            <name>schema-text</name>
          </value>
        </entry>
        <entry>
          <key>compression-format</key>
          <value>
            <name>compression-format</name>
          </value>
        </entry>
      </descriptors>
      <name>Kafka Avro Writer</name>
      <persistsState>false</persistsState>
      <properties>
        <entry>
          <key>Schema Write Strategy</key>
          <value>confluent-encoded</value>
        </entry>
        <entry>
          <key>schema-access-strategy</key>
          <value>schema-name</value>
        </entry>
        <entry>
          <key>schema-registry</key>
          <value>c3a9034f-cde4-33a2-0000-000000000000</value>
        </entry>
        <entry>
          <key>schema-name</key>
          <value>products</value>
        </entry>
        <entry>
          <key>schema-text</key>
        </entry>
        <entry>
          <key>compression-format</key>
        </entry>
      </properties>
      <state>ENABLED</state>
      <type>org.apache.nifi.avro.AvroRecordSetWriter</type>
    </controllerServices>
    <processors>
      <id>ac2c0355-50d8-3d73-0000-000000000000</id>
      <parentGroupId>23a52081-873c-326d-0000-000000000000</parentGroupId>
      <position>
        <x>1.004150390625</x>
        <y>243.012451171875</y>
      </position>
      <bundle>
        <artifact>nifi-kafka-0-10-nar</artifact>
        <group>org.apache.nifi</group>
        <version>1.4.0-SNAPSHOT</version>
      </bundle>
      <config>
        <bulletinLevel>WARN</bulletinLevel>
        <comments></comments>
        <concurrentlySchedulableTaskCount>1</concurrentlySchedulableTaskCount>
        <descriptors>
          <entry>
            <key>bootstrap.servers</key>
            <value>
              <name>bootstrap.servers</name>
            </value>
          </entry>
          <entry>
            <key>topic</key>
            <value>
              <name>topic</name>
            </value>
          </entry>
          <entry>
            <key>record-reader</key>
            <value>
              <identifiesControllerService>org.apache.nifi.serialization.RecordReaderFactory</identifiesControllerService>
              <name>record-reader</name>
            </value>
          </entry>
          <entry>
            <key>record-writer</key>
            <value>
              <identifiesControllerService>org.apache.nifi.serialization.RecordSetWriterFactory</identifiesControllerService>
              <name>record-writer</name>
            </value>
          </entry>
          <entry>
            <key>security.protocol</key>
            <value>
              <name>security.protocol</name>
            </value>
          </entry>
          <entry>
            <key>sasl.kerberos.service.name</key>
            <value>
              <name>sasl.kerberos.service.name</name>
            </value>
          </entry>
          <entry>
            <key>sasl.kerberos.principal</key>
            <value>
              <name>sasl.kerberos.principal</name>
            </value>
          </entry>
          <entry>
            <key>sasl.kerberos.keytab</key>
            <value>
              <name>sasl.kerberos.keytab</name>
            </value>
          </entry>
          <entry>
            <key>ssl.context.service</key>
            <value>
              <identifiesControllerService>org.apache.nifi.ssl.SSLContextService</identifiesControllerService>
              <name>ssl.context.service</name>
            </value>
          </entry>
          <entry>
            <key>acks</key>
            <value>
              <name>acks</name>
            </value>
          </entry>
          <entry>
            <key>message-key-field</key>
            <value>
              <name>message-key-field</name>
            </value>
          </entry>
          <entry>
            <key>max.request.size</key>
            <value>
              <name>max.request.size</name>
            </value>
          </entry>
          <entry>
            <key>ack.wait.time</key>
            <value>
              <name>ack.wait.time</name>
            </value>
          </entry>
          <entry>
            <key>max.block.ms</key>
            <value>
              <name>max.block.ms</name>
            </value>
          </entry>
          <entry>
            <key>partitioner.class</key>
            <value>
              <name>partitioner.class</name>
            </value>
          </entry>
          <entry>
            <key>compression.type</key>
            <value>
              <name>compression.type</name>
            </value>
          </entry>
        </descriptors>
        <executionNode>ALL</executionNode>
        <lossTolerant>false</lossTolerant>
        <penaltyDuration>30 sec</penaltyDuration>
        <properties>
          <entry>
            <key>bootstrap.servers</key>
            <value>localhost:9092</value>
          </entry>
          <entry>
            <key>topic</key>
            <value>products</value>
          </entry>
          <entry>
            <key>record-reader</key>
            <value>ee5a0318-c914-3832-0000-000000000000</value>
          </entry>
          <entry>
            <key>record-writer</key>
            <value>7fa3c3e3-c3bf-3a0f-0000-000000000000</value>
          </entry>
          <entry>
            <key>security.protocol</key>
            <value>PLAINTEXT</value>
          </entry>
          <entry>
            <key>sasl.kerberos.service.name</key>
          </entry>
          <entry>
            <key>sasl.kerberos.principal</key>
          </entry>
          <entry>
            <key>sasl.kerberos.keytab</key>
          </entry>
          <entry>
            <key>ssl.context.service</key>
          </entry>
          <entry>
            <key>acks</key>
            <value>0</value>
          </entry>
          <entry>
            <key>message-key-field</key>
            <value>id</value>
          </entry>
          <entry>
            <key>max.request.size</key>
            <value>1 MB</value>
          </entry>
          <entry>
            <key>ack.wait.time</key>
            <value>5 secs</value>
          </entry>
          <entry>
            <key>max.block.ms</key>
            <value>5 sec</value>
          </entry>
          <entry>
            <key>partitioner.class</key>
            <value>org.apache.kafka.clients.producer.internals.DefaultPartitioner</value>
          </entry>
          <entry>
            <key>compression.type</key>
            <value>none</value>
          </entry>
        </properties>
        <runDurationMillis>0</runDurationMillis>
        <schedulingPeriod>0 sec</schedulingPeriod>
        <schedulingStrategy>TIMER_DRIVEN</schedulingStrategy>
        <yieldDuration>1 sec</yieldDuration>
      </config>
      <name>PublishKafkaRecord_0_10</name>
      <relationships>
        <autoTerminate>false</autoTerminate>
        <name>failure</name>
      </relationships>
      <relationships>
        <autoTerminate>true</autoTerminate>
        <name>success</name>
      </relationships>
      <state>RUNNING</state>
      <style></style>
      <type>org.apache.nifi.processors.kafka.pubsub.PublishKafkaRecord_0_10</type>
    </processors>
    <processors>
      <id>fa33d617-e11c-35ae-0000-000000000000</id>
      <parentGroupId>23a52081-873c-326d-0000-000000000000</parentGroupId>
      <position>
        <x>0.0</x>
        <y>0.0</y>
      </position>
      <bundle>
        <artifact>nifi-standard-nar</artifact>
        <group>org.apache.nifi</group>
        <version>1.4.0-SNAPSHOT</version>
      </bundle>
      <config>
        <bulletinLevel>WARN</bulletinLevel>
        <comments></comments>
        <concurrentlySchedulableTaskCount>1</concurrentlySchedulableTaskCount>
        <descriptors>
          <entry>
            <key>File Size</key>
            <value>
              <name>File Size</name>
            </value>
          </entry>
          <entry>
            <key>Batch Size</key>
            <value>
              <name>Batch Size</name>
            </value>
          </entry>
          <entry>
            <key>Data Format</key>
            <value>
              <name>Data Format</name>
            </value>
          </entry>
          <entry>
            <key>Unique FlowFiles</key>
            <value>
              <name>Unique FlowFiles</name>
            </value>
          </entry>
          <entry>
            <key>generate-ff-custom-text</key>
            <value>
              <name>generate-ff-custom-text</name>
            </value>
          </entry>
        </descriptors>
        <executionNode>ALL</executionNode>
        <lossTolerant>false</lossTolerant>
        <penaltyDuration>30 sec</penaltyDuration>
        <properties>
          <entry>
            <key>File Size</key>
            <value>0B</value>
          </entry>
          <entry>
            <key>Batch Size</key>
            <value>1</value>
          </entry>
          <entry>
            <key>Data Format</key>
            <value>Text</value>
          </entry>
          <entry>
            <key>Unique FlowFiles</key>
            <value>false</value>
          </entry>
          <entry>
            <key>generate-ff-custom-text</key>
            <value>id, product_name, description
1, ink pens, Pack of 100 ink pens
2, stapler, Excellent for all of your stapling needs
3, computer, Great for running NiFi</value>
          </entry>
        </properties>
        <runDurationMillis>0</runDurationMillis>
        <schedulingPeriod>10 sec</schedulingPeriod>
        <schedulingStrategy>TIMER_DRIVEN</schedulingStrategy>
        <yieldDuration>1 sec</yieldDuration>
      </config>
      <name>GenerateFlowFile</name>
      <relationships>
        <autoTerminate>false</autoTerminate>
        <name>success</name>
      </relationships>
      <state>STOPPED</state>
      <style></style>
      <type>org.apache.nifi.processors.standard.GenerateFlowFile</type>
    </processors>
  </snippet>
  <timestamp>09/05/2017 16:05:43 EDT</timestamp>
</template>