<?xml version="1.0" encoding="UTF-8" standalone="yes"?><template><description></description><name>Pull from Twitter Garden Hose</name><snippet><connections><id>d3791469-2ed8-4973-8a43-bd96531ddaa3</id><parentGroupId>9f346475-a6eb-4251-bce6-474d324f4f9b</parentGroupId><backPressureDataSizeThreshold>0 MB</backPressureDataSizeThreshold><backPressureObjectThreshold>1000</backPressureObjectThreshold><destination><groupId>9f346475-a6eb-4251-bce6-474d324f4f9b</groupId><id>34f8b0e2-4772-4448-b811-1bc623434c8f</id><type>PROCESSOR</type></destination><flowFileExpiration>0 sec</flowFileExpiration><labelIndex>1</labelIndex><name></name><prioritizers>org.apache.nifi.prioritizer.PriorityAttributePrioritizer</prioritizers><prioritizers>org.apache.nifi.prioritizer.OldestFlowFileFirstPrioritizer</prioritizers><selectedRelationships>matched</selectedRelationships><source><groupId>9f346475-a6eb-4251-bce6-474d324f4f9b</groupId><id>3f260837-4af2-44b3-aeea-5b8e7c6cefb5</id><type>PROCESSOR</type></source><zIndex>0</zIndex></connections><connections><id>487b273e-69d9-4900-8ae0-eb1bd2067b47</id><parentGroupId>9f346475-a6eb-4251-bce6-474d324f4f9b</parentGroupId><backPressureDataSizeThreshold>0 MB</backPressureDataSizeThreshold><backPressureObjectThreshold>1000</backPressureObjectThreshold><destination><groupId>9f346475-a6eb-4251-bce6-474d324f4f9b</groupId><id>3f260837-4af2-44b3-aeea-5b8e7c6cefb5</id><type>PROCESSOR</type></destination><flowFileExpiration>0 sec</flowFileExpiration><labelIndex>1</labelIndex><name></name><selectedRelationships>success</selectedRelationships><source><groupId>9f346475-a6eb-4251-bce6-474d324f4f9b</groupId><id>4c0c698b-1de5-48ce-895e-c9120911919e</id><type>PROCESSOR</type></source><zIndex>0</zIndex></connections><connections><id>5ec1601d-3e1a-49ff-bb91-4a636e24fe60</id><parentGroupId>9f346475-a6eb-4251-bce6-474d324f4f9b</parentGroupId><backPressureDataSizeThreshold>0 MB</backPressureDataSizeThreshold><backPressureObjectThreshold>1000</backPressureObjectThreshold><destination><groupId>9f346475-a6eb-4251-bce6-474d324f4f9b</groupId><id>b63ac926-c892-49c1-8dbc-caed1b0abc5b</id><type>OUTPUT_PORT</type></destination><flowFileExpiration>0 sec</flowFileExpiration><labelIndex>1</labelIndex><name></name><selectedRelationships>tweet</selectedRelationships><source><groupId>9f346475-a6eb-4251-bce6-474d324f4f9b</groupId><id>34f8b0e2-4772-4448-b811-1bc623434c8f</id><type>PROCESSOR</type></source><zIndex>0</zIndex></connections><outputPorts><id>b63ac926-c892-49c1-8dbc-caed1b0abc5b</id><parentGroupId>9f346475-a6eb-4251-bce6-474d324f4f9b</parentGroupId><position><x>1301.516569433455</x><y>605.362905810152</y></position><comments></comments><concurrentlySchedulableTaskCount>1</concurrentlySchedulableTaskCount><name>Copy of Tweets</name><state>STOPPED</state><type>OUTPUT_PORT</type><validationErrors>'Port 'Copy of Tweets'' is invalid because Output connection for port 'Copy of Tweets' is not defined.</validationErrors></outputPorts><processors><id>4c0c698b-1de5-48ce-895e-c9120911919e</id><parentGroupId>9f346475-a6eb-4251-bce6-474d324f4f9b</parentGroupId><position><x>1214.024507589506</x><y>50.8230229742004</y></position><config><bulletinLevel>WARN</bulletinLevel><comments></comments><concurrentlySchedulableTaskCount>1</concurrentlySchedulableTaskCount><defaultConcurrentTasks><entry><key>TIMER_DRIVEN</key><value>1</value></entry><entry><key>EVENT_DRIVEN</key><value>0</value></entry><entry><key>CRON_DRIVEN</key><value>1</value></entry></defaultConcurrentTasks><defaultSchedulingPeriod><entry><key>TIMER_DRIVEN</key><value>0 sec</value></entry><entry><key>CRON_DRIVEN</key><value>* * * * * ?</value></entry></defaultSchedulingPeriod><descriptors><entry><key>Twitter Endpoint</key><value><allowableValues><description>The endpoint that provides public data, aka a 'garden hose'</description><displayName>Sample Endpoint</displayName><value>Sample Endpoint</value></allowableValues><allowableValues><description>The endpoint that provides access to all tweets</description><displayName>Firehose Endpoint</displayName><value>Firehose Endpoint</value></allowableValues><allowableValues><description>Endpoint that allows the stream to be filtered by specific terms or User IDs</description><displayName>Filter Endpoint</displayName><value>Filter Endpoint</value></allowableValues><defaultValue>Sample Endpoint</defaultValue><description>Specifies which endpoint data should be pulled from</description><displayName>Twitter Endpoint</displayName><dynamic>false</dynamic><name>Twitter Endpoint</name><required>true</required><sensitive>false</sensitive><supportsEl>false</supportsEl></value></entry><entry><key>Consumer Key</key><value><description>The Consumer Key provided by Twitter</description><displayName>Consumer Key</displayName><dynamic>false</dynamic><name>Consumer Key</name><required>true</required><sensitive>false</sensitive><supportsEl>false</supportsEl></value></entry><entry><key>Consumer Secret</key><value><description>The Consumer Secret provided by Twitter</description><displayName>Consumer Secret</displayName><dynamic>false</dynamic><name>Consumer Secret</name><required>true</required><sensitive>true</sensitive><supportsEl>false</supportsEl></value></entry><entry><key>Access Token</key><value><description>The Acces Token provided by Twitter</description><displayName>Access Token</displayName><dynamic>false</dynamic><name>Access Token</name><required>true</required><sensitive>false</sensitive><supportsEl>false</supportsEl></value></entry><entry><key>Access Token Secret</key><value><description>The Access Token Secret provided by Twitter</description><displayName>Access Token Secret</displayName><dynamic>false</dynamic><name>Access Token Secret</name><required>true</required><sensitive>true</sensitive><supportsEl>false</supportsEl></value></entry><entry><key>Languages</key><value><description>A comma-separated list of languages for which tweets should be fetched</description><displayName>Languages</displayName><dynamic>false</dynamic><name>Languages</name><required>false</required><sensitive>false</sensitive><supportsEl>false</supportsEl></value></entry><entry><key>Terms to Filter On</key><value><description>A comma-separated list of terms to filter on. Ignored unless Endpoint is set to 'Filter Endpoint'. The filter works such that if any term matches, the status update will be retrieved; multiple terms separated by a space function as an 'AND'. I.e., 'it was, hello' will retrieve status updates that have either 'hello' or both 'it' AND 'was'</description><displayName>Terms to Filter On</displayName><dynamic>false</dynamic><name>Terms to Filter On</name><required>false</required><sensitive>false</sensitive><supportsEl>false</supportsEl></value></entry><entry><key>IDs to Follow</key><value><description>A comma-separated list of Twitter User ID's to follow. Ignored unless Endpoint is set to 'Filter Endpoint'.</description><displayName>IDs to Follow</displayName><dynamic>false</dynamic><name>IDs to Follow</name><required>false</required><sensitive>false</sensitive><supportsEl>false</supportsEl></value></entry></descriptors><lossTolerant>false</lossTolerant><penaltyDuration>30 sec</penaltyDuration><properties><entry><key>Twitter Endpoint</key><value>Sample Endpoint</value></entry><entry><key>Consumer Key</key><value>Rbeh7IMVo3RZf0hz2gdN3tYpQ</value></entry><entry><key>Consumer Secret</key></entry><entry><key>Access Token</key><value>2954844987-3QltSFwayKVP2pqGSp59D7cAAIrF7l9UkQoTCJ4</value></entry><entry><key>Access Token Secret</key></entry><entry><key>Languages</key></entry><entry><key>Terms to Filter On</key></entry><entry><key>IDs to Follow</key></entry></properties><runDurationMillis>0</runDurationMillis><schedulingPeriod>0 sec</schedulingPeriod><schedulingStrategy>TIMER_DRIVEN</schedulingStrategy><yieldDuration>1 sec</yieldDuration></config><name>Grab Garden Hose</name><relationships><autoTerminate>false</autoTerminate><description>All status updates will be routed to this relationship</description><name>success</name></relationships><state>DISABLED</state><style/><supportsEventDriven>false</supportsEventDriven><supportsParallelProcessing>true</supportsParallelProcessing><type>org.apache.nifi.processors.twitter.GetTwitter</type></processors><processors><id>34f8b0e2-4772-4448-b811-1bc623434c8f</id><parentGroupId>9f346475-a6eb-4251-bce6-474d324f4f9b</parentGroupId><position><x>1225.4497242643106</x><y>420.16894353694454</y></position><config><bulletinLevel>WARN</bulletinLevel><comments></comments><concurrentlySchedulableTaskCount>2</concurrentlySchedulableTaskCount><defaultConcurrentTasks><entry><key>TIMER_DRIVEN</key><value>1</value></entry><entry><key>EVENT_DRIVEN</key><value>0</value></entry><entry><key>CRON_DRIVEN</key><value>1</value></entry></defaultConcurrentTasks><defaultSchedulingPeriod><entry><key>TIMER_DRIVEN</key><value>0 sec</value></entry><entry><key>CRON_DRIVEN</key><value>* * * * * ?</value></entry></defaultSchedulingPeriod><descriptors><entry><key>Routing Strategy</key><value><allowableValues><description>A copy of the FlowFile will be routed to each relationship whose corresponding expression evaluates to 'true'</description><displayName>Route to Property name</displayName><value>Route to Property name</value></allowableValues><allowableValues><description>Requires that all user-defined expressions evaluate to 'true' for the FlowFile to be considered a match</description><displayName>Route to 'matched' if all match</displayName><value>Route to 'match' if all match</value></allowableValues><allowableValues><description>Requires that at least one user-defined expression evaluate to 'true' for hte FlowFile to be considered a match</description><displayName>Route to 'matched' if any matches</displayName><value>Route to 'match' if any matches</value></allowableValues><defaultValue>Route to Property name</defaultValue><description>Specifies how to determine which relationship to use when evaluating the Expression Language</description><displayName>Routing Strategy</displayName><dynamic>false</dynamic><name>Routing Strategy</name><required>true</required><sensitive>false</sensitive><supportsEl>false</supportsEl></value></entry><entry><key>tweet</key><value><description></description><displayName>tweet</displayName><dynamic>true</dynamic><name>tweet</name><required>false</required><sensitive>false</sensitive><supportsEl>true</supportsEl></value></entry></descriptors><lossTolerant>false</lossTolerant><penaltyDuration>30 sec</penaltyDuration><properties><entry><key>Routing Strategy</key><value>Route to Property name</value></entry><entry><key>tweet</key><value>${twitter.msg:isEmpty():not()}</value></entry></properties><runDurationMillis>25</runDurationMillis><schedulingPeriod>0 sec</schedulingPeriod><schedulingStrategy>TIMER_DRIVEN</schedulingStrategy><yieldDuration>1 sec</yieldDuration></config><name>Find only Tweets</name><relationships><autoTerminate>false</autoTerminate><description></description><name>tweet</name></relationships><relationships><autoTerminate>true</autoTerminate><description>FlowFiles that do not match any user-define expression will be routed here</description><name>unmatched</name></relationships><state>STOPPED</state><style/><supportsEventDriven>true</supportsEventDriven><supportsParallelProcessing>true</supportsParallelProcessing><type>org.apache.nifi.processors.standard.RouteOnAttribute</type></processors><processors><id>3f260837-4af2-44b3-aeea-5b8e7c6cefb5</id><parentGroupId>9f346475-a6eb-4251-bce6-474d324f4f9b</parentGroupId><position><x>1220.5984364225137</x><y>234.16894353694454</y></position><config><bulletinLevel>ERROR</bulletinLevel><comments></comments><concurrentlySchedulableTaskCount>4</concurrentlySchedulableTaskCount><defaultConcurrentTasks><entry><key>TIMER_DRIVEN</key><value>1</value></entry><entry><key>EVENT_DRIVEN</key><value>0</value></entry><entry><key>CRON_DRIVEN</key><value>1</value></entry></defaultConcurrentTasks><defaultSchedulingPeriod><entry><key>TIMER_DRIVEN</key><value>0 sec</value></entry><entry><key>CRON_DRIVEN</key><value>* * * * * ?</value></entry></defaultSchedulingPeriod><descriptors><entry><key>Destination</key><value><allowableValues><displayName>flowfile-content</displayName><value>flowfile-content</value></allowableValues><allowableValues><displayName>flowfile-attribute</displayName><value>flowfile-attribute</value></allowableValues><defaultValue>flowfile-content</defaultValue><description>Indicates whether the results of the JsonPath evaluation are written to the FlowFile content or a FlowFile attribute; if using attribute, must specify the Attribute Name property. If set to flowfile-content, only one JsonPath may be specified, and the property name is ignored.</description><displayName>Destination</displayName><dynamic>false</dynamic><name>Destination</name><required>true</required><sensitive>false</sensitive><supportsEl>false</supportsEl></value></entry><entry><key>Return Type</key><value><allowableValues><displayName>auto-detect</displayName><value>auto-detect</value></allowableValues><allowableValues><displayName>json</displayName><value>json</value></allowableValues><allowableValues><displayName>scalar</displayName><value>scalar</value></allowableValues><defaultValue>auto-detect</defaultValue><description>Indicates the desired return type of the JSON Path expressions.  Selecting 'auto-detect' will set the return type to 'json' for a Destination of 'flowfile-content', and 'string' for a Destination of 'flowfile-attribute'.</description><displayName>Return Type</displayName><dynamic>false</dynamic><name>Return Type</name><required>true</required><sensitive>false</sensitive><supportsEl>false</supportsEl></value></entry><entry><key>Path Not Found Behavior</key><value><allowableValues><displayName>warn</displayName><value>warn</value></allowableValues><allowableValues><displayName>ignore</displayName><value>ignore</value></allowableValues><defaultValue>ignore</defaultValue><description>Indicates how to handle missing JSON path expressions when destination is set to 'flowfile-attribute'. Selecting 'warn' will generate a warning when a JSON path expression is not found.</description><displayName>Path Not Found Behavior</displayName><dynamic>false</dynamic><name>Path Not Found Behavior</name><required>true</required><sensitive>false</sensitive><supportsEl>false</supportsEl></value></entry><entry><key>Null Value Representation</key><value><allowableValues><displayName>the string 'null'</displayName><value>the string 'null'</value></allowableValues><allowableValues><displayName>empty string</displayName><value>empty string</value></allowableValues><defaultValue>empty string</defaultValue><description>Indicates the desired representation of JSON Path expressions resulting in a null value.</description><displayName>Null Value Representation</displayName><dynamic>false</dynamic><name>Null Value Representation</name><required>true</required><sensitive>false</sensitive><supportsEl>false</supportsEl></value></entry><entry><key>language</key><value><description></description><displayName>language</displayName><dynamic>true</dynamic><name>language</name><required>false</required><sensitive>false</sensitive><supportsEl>false</supportsEl></value></entry><entry><key>twitter.handle</key><value><description></description><displayName>twitter.handle</displayName><dynamic>true</dynamic><name>twitter.handle</name><required>false</required><sensitive>false</sensitive><supportsEl>false</supportsEl></value></entry><entry><key>twitter.msg</key><value><description></description><displayName>twitter.msg</displayName><dynamic>true</dynamic><name>twitter.msg</name><required>false</required><sensitive>false</sensitive><supportsEl>false</supportsEl></value></entry><entry><key>twitter.user</key><value><description></description><displayName>twitter.user</displayName><dynamic>true</dynamic><name>twitter.user</name><required>false</required><sensitive>false</sensitive><supportsEl>false</supportsEl></value></entry></descriptors><lossTolerant>false</lossTolerant><penaltyDuration>30 sec</penaltyDuration><properties><entry><key>Destination</key><value>flowfile-attribute</value></entry><entry><key>Return Type</key><value>auto-detect</value></entry><entry><key>Path Not Found Behavior</key><value>ignore</value></entry><entry><key>Null Value Representation</key><value>empty string</value></entry><entry><key>language</key><value>$.lang</value></entry><entry><key>twitter.handle</key><value>$.user.screen_name</value></entry><entry><key>twitter.msg</key><value>$.text</value></entry><entry><key>twitter.user</key><value>$.user.name</value></entry></properties><runDurationMillis>25</runDurationMillis><schedulingPeriod>0 sec</schedulingPeriod><schedulingStrategy>TIMER_DRIVEN</schedulingStrategy><yieldDuration>1 sec</yieldDuration></config><name>Pull Key Attributes</name><relationships><autoTerminate>true</autoTerminate><description>FlowFiles are routed to this relationship when the JsonPath cannot be evaluated against the content of the FlowFile; for instance, if the FlowFile is not valid JSON</description><name>failure</name></relationships><relationships><autoTerminate>false</autoTerminate><description>FlowFiles are routed to this relationship when the JsonPath is successfully evaluated and the FlowFile is modified as a result</description><name>matched</name></relationships><relationships><autoTerminate>true</autoTerminate><description>FlowFiles are routed to this relationship when the JsonPath does not match the content of the FlowFile and the Destination is set to flowfile-content</description><name>unmatched</name></relationships><state>STOPPED</state><style/><supportsEventDriven>true</supportsEventDriven><supportsParallelProcessing>true</supportsParallelProcessing><type>org.apache.nifi.processors.standard.EvaluateJsonPath</type></processors></snippet><timestamp>05/14/2015 12:02:30 UTC</timestamp></template>