<?xml version="1.0" encoding="UTF-8" standalone="yes"?><template><description></description><name>SplitRouteMerge</name><snippet><connections><id>ae8a7240-7bd0-4341-8650-8348d8d3cb67</id><parentGroupId>7c84501d-d10c-407c-b9f3-1d80e38fe36a</parentGroupId><backPressureDataSizeThreshold>0 MB</backPressureDataSizeThreshold><backPressureObjectThreshold>0</backPressureObjectThreshold><destination><groupId>7c84501d-d10c-407c-b9f3-1d80e38fe36a</groupId><id>007c9ae4-795e-41b2-8626-8c5f13b64501</id><type>PROCESSOR</type></destination><flowFileExpiration>0 sec</flowFileExpiration><labelIndex>1</labelIndex><name></name><selectedRelationships>unmatched</selectedRelationships><source><groupId>7c84501d-d10c-407c-b9f3-1d80e38fe36a</groupId><id>f52ffdb6-a583-4dd1-b2ac-4b0864d6d3e4</id><type>PROCESSOR</type></source><zIndex>0</zIndex></connections><connections><id>15529742-7b35-4822-8a9f-cd6aee4097da</id><parentGroupId>7c84501d-d10c-407c-b9f3-1d80e38fe36a</parentGroupId><backPressureDataSizeThreshold>0 MB</backPressureDataSizeThreshold><backPressureObjectThreshold>0</backPressureObjectThreshold><destination><groupId>7c84501d-d10c-407c-b9f3-1d80e38fe36a</groupId><id>b4509ea5-edde-4595-b6aa-2b4c17dbcd41</id><type>PROCESSOR</type></destination><flowFileExpiration>0 sec</flowFileExpiration><labelIndex>1</labelIndex><name></name><selectedRelationships>merged</selectedRelationships><source><groupId>7c84501d-d10c-407c-b9f3-1d80e38fe36a</groupId><id>007c9ae4-795e-41b2-8626-8c5f13b64501</id><type>PROCESSOR</type></source><zIndex>0</zIndex></connections><connections><id>155c8e81-5d17-477a-b26c-70602ae12a7f</id><parentGroupId>7c84501d-d10c-407c-b9f3-1d80e38fe36a</parentGroupId><backPressureDataSizeThreshold>0 MB</backPressureDataSizeThreshold><backPressureObjectThreshold>0</backPressureObjectThreshold><destination><groupId>7c84501d-d10c-407c-b9f3-1d80e38fe36a</groupId><id>f52ffdb6-a583-4dd1-b2ac-4b0864d6d3e4</id><type>PROCESSOR</type></destination><flowFileExpiration>0 sec</flowFileExpiration><labelIndex>1</labelIndex><name></name><selectedRelationships>splits</selectedRelationships><source><groupId>7c84501d-d10c-407c-b9f3-1d80e38fe36a</groupId><id>53b1fa4e-3bf1-435f-8bae-7853676f2d2d</id><type>PROCESSOR</type></source><zIndex>0</zIndex></connections><connections><id>7ea014c2-3cf9-4a46-872e-b78557ed906b</id><parentGroupId>7c84501d-d10c-407c-b9f3-1d80e38fe36a</parentGroupId><backPressureDataSizeThreshold>0 MB</backPressureDataSizeThreshold><backPressureObjectThreshold>0</backPressureObjectThreshold><destination><groupId>7c84501d-d10c-407c-b9f3-1d80e38fe36a</groupId><id>53b1fa4e-3bf1-435f-8bae-7853676f2d2d</id><type>PROCESSOR</type></destination><flowFileExpiration>0 sec</flowFileExpiration><labelIndex>1</labelIndex><name></name><selectedRelationships>success</selectedRelationships><source><groupId>7c84501d-d10c-407c-b9f3-1d80e38fe36a</groupId><id>e830ccee-8663-42a8-899d-fac0bf82ae6f</id><type>PROCESSOR</type></source><zIndex>0</zIndex></connections><connections><id>3b4fe14c-17fa-4cd9-a2a6-40924d026316</id><parentGroupId>7c84501d-d10c-407c-b9f3-1d80e38fe36a</parentGroupId><backPressureDataSizeThreshold>0 MB</backPressureDataSizeThreshold><backPressureObjectThreshold>0</backPressureObjectThreshold><destination><groupId>7c84501d-d10c-407c-b9f3-1d80e38fe36a</groupId><id>d2c4439e-c320-4838-b94b-03b8e8b4aa41</id><type>PROCESSOR</type></destination><flowFileExpiration>0 sec</flowFileExpiration><labelIndex>1</labelIndex><name></name><selectedRelationships>high priority</selectedRelationships><source><groupId>7c84501d-d10c-407c-b9f3-1d80e38fe36a</groupId><id>f52ffdb6-a583-4dd1-b2ac-4b0864d6d3e4</id><type>PROCESSOR</type></source><zIndex>0</zIndex></connections><processors><id>007c9ae4-795e-41b2-8626-8c5f13b64501</id><parentGroupId>7c84501d-d10c-407c-b9f3-1d80e38fe36a</parentGroupId><position><x>456.0</x><y>582.0</y></position><config><bulletinLevel>WARN</bulletinLevel><comments></comments><concurrentlySchedulableTaskCount>1</concurrentlySchedulableTaskCount><defaultConcurrentTasks><entry><key>TIMER_DRIVEN</key><value>1</value></entry><entry><key>EVENT_DRIVEN</key><value>0</value></entry><entry><key>CRON_DRIVEN</key><value>1</value></entry></defaultConcurrentTasks><defaultSchedulingPeriod><entry><key>TIMER_DRIVEN</key><value>0 sec</value></entry><entry><key>CRON_DRIVEN</key><value>* * * * * ?</value></entry></defaultSchedulingPeriod><descriptors><entry><key>Merge Strategy</key><value><allowableValues><description>Generates 'bins' of FlowFiles and fills each bin as full as possible. FlowFiles are placed into a bin based on their size and optionally their attributes (if the &lt;Correlation Attribute&gt; property is set)</description><displayName>Bin-Packing Algorithm</displayName><value>Bin-Packing Algorithm</value></allowableValues><allowableValues><description>Combines fragments that are associated by attributes back into a single cohesive FlowFile. If using this strategy, all FlowFiles must have the attributes &lt;fragment.identifier&gt;, &lt;fragment.count&gt;, and &lt;fragment.index&gt; or alternatively (for backward compatibility purposes) &lt;segment.identifier&gt;, &lt;segment.count&gt;, and &lt;segment.index&gt;. All FlowFiles with the same value for &quot;fragment.identifier&quot; will be grouped together. All FlowFiles in this group must have the same value for the &quot;fragment.count&quot; attribute. All FlowFiles in this group must have a unique value for the &quot;fragment.index&quot; attribute between 0 and the value of the &quot;fragment.count&quot; attribute.</description><displayName>Defragment</displayName><value>Defragment</value></allowableValues><defaultValue>Bin-Packing Algorithm</defaultValue><description>Specifies the algorithm used to merge content. The 'Defragment' algorithm combines fragments that are associated by attributes back into a single cohesive FlowFile. The 'Bin-Packing Algorithm' generates a FlowFile populated by arbitrarily chosen FlowFiles</description><displayName>Merge Strategy</displayName><dynamic>false</dynamic><name>Merge Strategy</name><required>true</required><sensitive>false</sensitive><supportsEl>false</supportsEl></value></entry><entry><key>Merge Format</key><value><allowableValues><description>A bin of FlowFiles will be combined into a single TAR file. The FlowFiles' &lt;path&gt; attribute will be used to create a directory in the TAR file if the &lt;Keep Paths&gt; property is set to true; otherwise, all FlowFiles will be added at the root of the TAR file. If a FlowFile has an attribute named &lt;tar.permissions&gt; that is 3 characters, each between 0-7, that attribute will be used as the TAR entry's 'mode'.</description><displayName>TAR</displayName><value>TAR</value></allowableValues><allowableValues><description>A bin of FlowFiles will be combined into a single ZIP file. The FlowFiles' &lt;path&gt; attribute will be used to create a directory in the ZIP file if the &lt;Keep Paths&gt; property is set to true; otherwise, all FlowFiles will be added at the root of the ZIP file. The &lt;Compression Level&gt; property indicates the ZIP compression to use.</description><displayName>ZIP</displayName><value>ZIP</value></allowableValues><allowableValues><description>A bin of FlowFiles will be combined into a single Version 3 FlowFile Stream</description><displayName>FlowFile Stream, v3</displayName><value>FlowFile Stream, v3</value></allowableValues><allowableValues><description>A bin of FlowFiles will be combined into a single Version 2 FlowFile Stream</description><displayName>FlowFile Stream, v2</displayName><value>FlowFile Stream, v2</value></allowableValues><allowableValues><description>A bin of FlowFiles will be combined into a single Version 1 FlowFile Package</description><displayName>FlowFile Tar, v1</displayName><value>FlowFile Tar, v1</value></allowableValues><allowableValues><description>The contents of all FlowFiles will be concatenated together into a single FlowFile</description><displayName>Binary Concatenation</displayName><value>Binary Concatenation</value></allowableValues><allowableValues><description>The Avro contents of all FlowFiles will be concatenated together into a single FlowFile</description><displayName>Avro</displayName><value>Avro</value></allowableValues><defaultValue>Binary Concatenation</defaultValue><description>Determines the format that will be used to merge the content.</description><displayName>Merge Format</displayName><dynamic>false</dynamic><name>Merge Format</name><required>true</required><sensitive>false</sensitive><supportsEl>false</supportsEl></value></entry><entry><key>Attribute Strategy</key><value><allowableValues><displayName>Keep Only Common Attributes</displayName><value>Keep Only Common Attributes</value></allowableValues><allowableValues><displayName>Keep All Unique Attributes</displayName><value>Keep All Unique Attributes</value></allowableValues><defaultValue>Keep Only Common Attributes</defaultValue><description>Determines which FlowFile attributes should be added to the bundle. If 'Keep All Unique Attributes' is selected, any attribute on any FlowFile that gets bundled will be kept unless its value conflicts with the value from another FlowFile. If 'Keep Only Common Attributes' is selected, only the attributes that exist on all FlowFiles in the bundle, with the same value, will be preserved.</description><displayName>Attribute Strategy</displayName><dynamic>false</dynamic><name>Attribute Strategy</name><required>true</required><sensitive>false</sensitive><supportsEl>false</supportsEl></value></entry><entry><key>Correlation Attribute Name</key><value><description>If specified, like FlowFiles will be binned together, where 'like FlowFiles' means FlowFiles that have the same value for this Attribute. If not specified, FlowFiles are bundled by the order in which they are pulled from the queue.</description><displayName>Correlation Attribute Name</displayName><dynamic>false</dynamic><name>Correlation Attribute Name</name><required>false</required><sensitive>false</sensitive><supportsEl>false</supportsEl></value></entry><entry><key>Minimum Number of Entries</key><value><defaultValue>1</defaultValue><description>The minimum number of files to include in a bundle</description><displayName>Minimum Number of Entries</displayName><dynamic>false</dynamic><name>Minimum Number of Entries</name><required>true</required><sensitive>false</sensitive><supportsEl>false</supportsEl></value></entry><entry><key>Maximum Number of Entries</key><value><description>The maximum number of files to include in a bundle. If not specified, there is no maximum.</description><displayName>Maximum Number of Entries</displayName><dynamic>false</dynamic><name>Maximum Number of Entries</name><required>false</required><sensitive>false</sensitive><supportsEl>false</supportsEl></value></entry><entry><key>Minimum Group Size</key><value><defaultValue>0 B</defaultValue><description>The minimum size of for the bundle</description><displayName>Minimum Group Size</displayName><dynamic>false</dynamic><name>Minimum Group Size</name><required>true</required><sensitive>false</sensitive><supportsEl>false</supportsEl></value></entry><entry><key>Maximum Group Size</key><value><description>The maximum size for the bundle. If not specified, there is no maximum.</description><displayName>Maximum Group Size</displayName><dynamic>false</dynamic><name>Maximum Group Size</name><required>false</required><sensitive>false</sensitive><supportsEl>false</supportsEl></value></entry><entry><key>Max Bin Age</key><value><description>The maximum age of a Bin that will trigger a Bin to be complete. Expected format is &lt;duration&gt; &lt;time unit&gt; where &lt;duration&gt; is a positive integer and time unit is one of seconds, minutes, hours</description><displayName>Max Bin Age</displayName><dynamic>false</dynamic><name>Max Bin Age</name><required>false</required><sensitive>false</sensitive><supportsEl>false</supportsEl></value></entry><entry><key>Maximum number of Bins</key><value><defaultValue>100</defaultValue><description>Specifies the maximum number of bins that can be held in memory at any one time</description><displayName>Maximum number of Bins</displayName><dynamic>false</dynamic><name>Maximum number of Bins</name><required>true</required><sensitive>false</sensitive><supportsEl>false</supportsEl></value></entry><entry><key>Delimiter Strategy</key><value><allowableValues><description>The values of Header, Footer, and Demarcator will be retrieved from the contents of a file</description><displayName>Filename</displayName><value>Filename</value></allowableValues><allowableValues><description>The values of Header, Footer, and Demarcator will be specified as property values</description><displayName>Text</displayName><value>Text</value></allowableValues><defaultValue>Filename</defaultValue><description>Determines if Header, Footer, and Demarcator should point to files containing the respective content, or if the values of the properties should be used as the content.</description><displayName>Delimiter Strategy</displayName><dynamic>false</dynamic><name>Delimiter Strategy</name><required>true</required><sensitive>false</sensitive><supportsEl>false</supportsEl></value></entry><entry><key>Header File</key><value><description>Filename specifying the header to use. If not specified, no header is supplied. This property is valid only when using the binary-concatenation merge strategy; otherwise, it is ignored.</description><displayName>Header</displayName><dynamic>false</dynamic><name>Header File</name><required>false</required><sensitive>false</sensitive><supportsEl>true</supportsEl></value></entry><entry><key>Footer File</key><value><description>Filename specifying the footer to use. If not specified, no footer is supplied. This property is valid only when using the binary-concatenation merge strategy; otherwise, it is ignored.</description><displayName>Footer</displayName><dynamic>false</dynamic><name>Footer File</name><required>false</required><sensitive>false</sensitive><supportsEl>true</supportsEl></value></entry><entry><key>Demarcator File</key><value><description>Filename specifying the demarcator to use. If not specified, no demarcator is supplied. This property is valid only when using the binary-concatenation merge strategy; otherwise, it is ignored.</description><displayName>Demarcator</displayName><dynamic>false</dynamic><name>Demarcator File</name><required>false</required><sensitive>false</sensitive><supportsEl>true</supportsEl></value></entry><entry><key>Compression Level</key><value><allowableValues><displayName>0</displayName><value>0</value></allowableValues><allowableValues><displayName>1</displayName><value>1</value></allowableValues><allowableValues><displayName>2</displayName><value>2</value></allowableValues><allowableValues><displayName>3</displayName><value>3</value></allowableValues><allowableValues><displayName>4</displayName><value>4</value></allowableValues><allowableValues><displayName>5</displayName><value>5</value></allowableValues><allowableValues><displayName>6</displayName><value>6</value></allowableValues><allowableValues><displayName>7</displayName><value>7</value></allowableValues><allowableValues><displayName>8</displayName><value>8</value></allowableValues><allowableValues><displayName>9</displayName><value>9</value></allowableValues><defaultValue>1</defaultValue><description>Specifies the compression level to use when using the Zip Merge Format; if not using the Zip Merge Format, this value is ignored</description><displayName>Compression Level</displayName><dynamic>false</dynamic><name>Compression Level</name><required>true</required><sensitive>false</sensitive><supportsEl>false</supportsEl></value></entry><entry><key>Keep Path</key><value><allowableValues><displayName>true</displayName><value>true</value></allowableValues><allowableValues><displayName>false</displayName><value>false</value></allowableValues><defaultValue>false</defaultValue><description>If using the Zip or Tar Merge Format, specifies whether or not the FlowFiles' paths should be included in their entry names; if using other merge strategy, this value is ignored</description><displayName>Keep Path</displayName><dynamic>false</dynamic><name>Keep Path</name><required>true</required><sensitive>false</sensitive><supportsEl>false</supportsEl></value></entry></descriptors><lossTolerant>false</lossTolerant><penaltyDuration>30 sec</penaltyDuration><properties><entry><key>Merge Strategy</key></entry><entry><key>Merge Format</key></entry><entry><key>Attribute Strategy</key></entry><entry><key>Correlation Attribute Name</key></entry><entry><key>Minimum Number of Entries</key><value>5</value></entry><entry><key>Maximum Number of Entries</key><value>10</value></entry><entry><key>Minimum Group Size</key></entry><entry><key>Maximum Group Size</key></entry><entry><key>Max Bin Age</key><value>60 seconds</value></entry><entry><key>Maximum number of Bins</key></entry><entry><key>Delimiter Strategy</key></entry><entry><key>Header File</key></entry><entry><key>Footer File</key></entry><entry><key>Demarcator File</key></entry><entry><key>Compression Level</key></entry><entry><key>Keep Path</key></entry></properties><runDurationMillis>0</runDurationMillis><schedulingPeriod>0 sec</schedulingPeriod><schedulingStrategy>TIMER_DRIVEN</schedulingStrategy><yieldDuration>1 sec</yieldDuration></config><name>MergeContent</name><relationships><autoTerminate>true</autoTerminate><description>If the bundle cannot be created, all FlowFiles that would have been used to created the bundle will be transferred to failure</description><name>failure</name></relationships><relationships><autoTerminate>false</autoTerminate><description>The FlowFile containing the merged content</description><name>merged</name></relationships><relationships><autoTerminate>true</autoTerminate><description>The FlowFiles that were used to create the bundle</description><name>original</name></relationships><state>RUNNING</state><style/><supportsEventDriven>false</supportsEventDriven><supportsParallelProcessing>true</supportsParallelProcessing><type>org.apache.nifi.processors.standard.MergeContent</type></processors><processors><id>f52ffdb6-a583-4dd1-b2ac-4b0864d6d3e4</id><parentGroupId>7c84501d-d10c-407c-b9f3-1d80e38fe36a</parentGroupId><position><x>613.0</x><y>364.0</y></position><config><bulletinLevel>WARN</bulletinLevel><comments></comments><concurrentlySchedulableTaskCount>1</concurrentlySchedulableTaskCount><defaultConcurrentTasks><entry><key>TIMER_DRIVEN</key><value>1</value></entry><entry><key>EVENT_DRIVEN</key><value>0</value></entry><entry><key>CRON_DRIVEN</key><value>1</value></entry></defaultConcurrentTasks><defaultSchedulingPeriod><entry><key>TIMER_DRIVEN</key><value>0 sec</value></entry><entry><key>CRON_DRIVEN</key><value>* * * * * ?</value></entry></defaultSchedulingPeriod><descriptors><entry><key>Match Requirement</key><value><allowableValues><displayName>content must match exactly</displayName><value>content must match exactly</value></allowableValues><allowableValues><displayName>content must contain match</displayName><value>content must contain match</value></allowableValues><defaultValue>content must match exactly</defaultValue><description>Specifies whether the entire content of the file must match the regular expression exactly, or if any part of the file (up to Content Buffer Size) can contain the regular expression in order to be considered a match</description><displayName>Match Requirement</displayName><dynamic>false</dynamic><name>Match Requirement</name><required>true</required><sensitive>false</sensitive><supportsEl>false</supportsEl></value></entry><entry><key>Character Set</key><value><defaultValue>UTF-8</defaultValue><description>The Character Set in which the file is encoded</description><displayName>Character Set</displayName><dynamic>false</dynamic><name>Character Set</name><required>true</required><sensitive>false</sensitive><supportsEl>false</supportsEl></value></entry><entry><key>Content Buffer Size</key><value><defaultValue>1 MB</defaultValue><description>Specifies the maximum amount of data to buffer in order to apply the regular expressions. If the size of the FlowFile exceeds this value, any amount of this value will be ignored</description><displayName>Content Buffer Size</displayName><dynamic>false</dynamic><name>Content Buffer Size</name><required>true</required><sensitive>false</sensitive><supportsEl>false</supportsEl></value></entry><entry><key>high priority</key><value><description></description><displayName>high priority</displayName><dynamic>true</dynamic><name>high priority</name><required>false</required><sensitive>false</sensitive><supportsEl>true</supportsEl></value></entry></descriptors><lossTolerant>false</lossTolerant><penaltyDuration>30 sec</penaltyDuration><properties><entry><key>Match Requirement</key></entry><entry><key>Character Set</key></entry><entry><key>Content Buffer Size</key></entry><entry><key>high priority</key><value>^(&quot;R.*)$</value></entry></properties><runDurationMillis>0</runDurationMillis><schedulingPeriod>0 sec</schedulingPeriod><schedulingStrategy>TIMER_DRIVEN</schedulingStrategy><yieldDuration>1 sec</yieldDuration></config><name>RouteOnContent</name><relationships><autoTerminate>false</autoTerminate><description></description><name>high priority</name></relationships><relationships><autoTerminate>false</autoTerminate><description>FlowFiles that do not match any of the user-supplied regular expressions will be routed to this relationship</description><name>unmatched</name></relationships><state>RUNNING</state><style/><supportsEventDriven>true</supportsEventDriven><supportsParallelProcessing>true</supportsParallelProcessing><type>org.apache.nifi.processors.standard.RouteOnContent</type></processors><processors><id>b4509ea5-edde-4595-b6aa-2b4c17dbcd41</id><parentGroupId>7c84501d-d10c-407c-b9f3-1d80e38fe36a</parentGroupId><position><x>456.0</x><y>775.0</y></position><config><bulletinLevel>WARN</bulletinLevel><comments></comments><concurrentlySchedulableTaskCount>1</concurrentlySchedulableTaskCount><defaultConcurrentTasks><entry><key>TIMER_DRIVEN</key><value>1</value></entry><entry><key>EVENT_DRIVEN</key><value>0</value></entry><entry><key>CRON_DRIVEN</key><value>1</value></entry></defaultConcurrentTasks><defaultSchedulingPeriod><entry><key>TIMER_DRIVEN</key><value>0 sec</value></entry><entry><key>CRON_DRIVEN</key><value>* * * * * ?</value></entry></defaultSchedulingPeriod><descriptors/><lossTolerant>false</lossTolerant><penaltyDuration>30 sec</penaltyDuration><properties/><runDurationMillis>0</runDurationMillis><schedulingPeriod>0 sec</schedulingPeriod><schedulingStrategy>TIMER_DRIVEN</schedulingStrategy><yieldDuration>1 sec</yieldDuration></config><name>Store For Later</name><relationships><autoTerminate>true</autoTerminate><description>All FlowFiles are routed to this relationship</description><name>success</name></relationships><state>RUNNING</state><style/><supportsEventDriven>true</supportsEventDriven><supportsParallelProcessing>true</supportsParallelProcessing><type>org.apache.nifi.processors.attributes.UpdateAttribute</type></processors><processors><id>d2c4439e-c320-4838-b94b-03b8e8b4aa41</id><parentGroupId>7c84501d-d10c-407c-b9f3-1d80e38fe36a</parentGroupId><position><x>873.0</x><y>581.0</y></position><config><bulletinLevel>WARN</bulletinLevel><comments></comments><concurrentlySchedulableTaskCount>1</concurrentlySchedulableTaskCount><defaultConcurrentTasks><entry><key>TIMER_DRIVEN</key><value>1</value></entry><entry><key>EVENT_DRIVEN</key><value>0</value></entry><entry><key>CRON_DRIVEN</key><value>1</value></entry></defaultConcurrentTasks><defaultSchedulingPeriod><entry><key>TIMER_DRIVEN</key><value>0 sec</value></entry><entry><key>CRON_DRIVEN</key><value>* * * * * ?</value></entry></defaultSchedulingPeriod><descriptors/><lossTolerant>false</lossTolerant><penaltyDuration>30 sec</penaltyDuration><properties/><runDurationMillis>0</runDurationMillis><schedulingPeriod>0 sec</schedulingPeriod><schedulingStrategy>TIMER_DRIVEN</schedulingStrategy><yieldDuration>1 sec</yieldDuration></config><name>SEND ALERT</name><relationships><autoTerminate>true</autoTerminate><description>All FlowFiles are routed to this relationship</description><name>success</name></relationships><state>RUNNING</state><style/><supportsEventDriven>true</supportsEventDriven><supportsParallelProcessing>true</supportsParallelProcessing><type>org.apache.nifi.processors.attributes.UpdateAttribute</type></processors><processors><id>e830ccee-8663-42a8-899d-fac0bf82ae6f</id><parentGroupId>7c84501d-d10c-407c-b9f3-1d80e38fe36a</parentGroupId><position><x>607.0</x><y>12.0</y></position><config><bulletinLevel>WARN</bulletinLevel><comments></comments><concurrentlySchedulableTaskCount>1</concurrentlySchedulableTaskCount><defaultConcurrentTasks><entry><key>TIMER_DRIVEN</key><value>1</value></entry><entry><key>EVENT_DRIVEN</key><value>0</value></entry><entry><key>CRON_DRIVEN</key><value>1</value></entry></defaultConcurrentTasks><defaultSchedulingPeriod><entry><key>TIMER_DRIVEN</key><value>0 sec</value></entry><entry><key>CRON_DRIVEN</key><value>* * * * * ?</value></entry></defaultSchedulingPeriod><descriptors><entry><key>Input Directory</key><value><description>The input directory from which to pull files</description><displayName>Input Directory</displayName><dynamic>false</dynamic><name>Input Directory</name><required>true</required><sensitive>false</sensitive><supportsEl>true</supportsEl></value></entry><entry><key>File Filter</key><value><defaultValue>[^\.].*</defaultValue><description>Only files whose names match the given regular expression will be picked up</description><displayName>File Filter</displayName><dynamic>false</dynamic><name>File Filter</name><required>true</required><sensitive>false</sensitive><supportsEl>false</supportsEl></value></entry><entry><key>Path Filter</key><value><description>When Recurse Subdirectories is true, then only subdirectories whose path matches the given regular expression will be scanned</description><displayName>Path Filter</displayName><dynamic>false</dynamic><name>Path Filter</name><required>false</required><sensitive>false</sensitive><supportsEl>false</supportsEl></value></entry><entry><key>Batch Size</key><value><defaultValue>10</defaultValue><description>The maximum number of files to pull in each iteration</description><displayName>Batch Size</displayName><dynamic>false</dynamic><name>Batch Size</name><required>true</required><sensitive>false</sensitive><supportsEl>false</supportsEl></value></entry><entry><key>Keep Source File</key><value><allowableValues><displayName>true</displayName><value>true</value></allowableValues><allowableValues><displayName>false</displayName><value>false</value></allowableValues><defaultValue>false</defaultValue><description>If true, the file is not deleted after it has been copied to the Content Repository; this causes the file to be picked up continually and is useful for testing purposes.  If not keeping original NiFi will need write permissions on the directory it is pulling from otherwise it will ignore the file.</description><displayName>Keep Source File</displayName><dynamic>false</dynamic><name>Keep Source File</name><required>true</required><sensitive>false</sensitive><supportsEl>false</supportsEl></value></entry><entry><key>Recurse Subdirectories</key><value><allowableValues><displayName>true</displayName><value>true</value></allowableValues><allowableValues><displayName>false</displayName><value>false</value></allowableValues><defaultValue>true</defaultValue><description>Indicates whether or not to pull files from subdirectories</description><displayName>Recurse Subdirectories</displayName><dynamic>false</dynamic><name>Recurse Subdirectories</name><required>true</required><sensitive>false</sensitive><supportsEl>false</supportsEl></value></entry><entry><key>Polling Interval</key><value><defaultValue>0 sec</defaultValue><description>Indicates how long to wait before performing a directory listing</description><displayName>Polling Interval</displayName><dynamic>false</dynamic><name>Polling Interval</name><required>true</required><sensitive>false</sensitive><supportsEl>false</supportsEl></value></entry><entry><key>Ignore Hidden Files</key><value><allowableValues><displayName>true</displayName><value>true</value></allowableValues><allowableValues><displayName>false</displayName><value>false</value></allowableValues><defaultValue>true</defaultValue><description>Indicates whether or not hidden files should be ignored</description><displayName>Ignore Hidden Files</displayName><dynamic>false</dynamic><name>Ignore Hidden Files</name><required>true</required><sensitive>false</sensitive><supportsEl>false</supportsEl></value></entry><entry><key>Minimum File Age</key><value><defaultValue>0 sec</defaultValue><description>The minimum age that a file must be in order to be pulled; any file younger than this amount of time (according to last modification date) will be ignored</description><displayName>Minimum File Age</displayName><dynamic>false</dynamic><name>Minimum File Age</name><required>true</required><sensitive>false</sensitive><supportsEl>false</supportsEl></value></entry><entry><key>Maximum File Age</key><value><description>The maximum age that a file must be in order to be pulled; any file older than this amount of time (according to last modification date) will be ignored</description><displayName>Maximum File Age</displayName><dynamic>false</dynamic><name>Maximum File Age</name><required>false</required><sensitive>false</sensitive><supportsEl>false</supportsEl></value></entry><entry><key>Minimum File Size</key><value><defaultValue>0 B</defaultValue><description>The minimum size that a file must be in order to be pulled</description><displayName>Minimum File Size</displayName><dynamic>false</dynamic><name>Minimum File Size</name><required>true</required><sensitive>false</sensitive><supportsEl>false</supportsEl></value></entry><entry><key>Maximum File Size</key><value><description>The maximum size that a file can be in order to be pulled</description><displayName>Maximum File Size</displayName><dynamic>false</dynamic><name>Maximum File Size</name><required>false</required><sensitive>false</sensitive><supportsEl>false</supportsEl></value></entry></descriptors><lossTolerant>false</lossTolerant><penaltyDuration>30 sec</penaltyDuration><properties><entry><key>Input Directory</key><value>/nifi/input</value></entry><entry><key>File Filter</key></entry><entry><key>Path Filter</key></entry><entry><key>Batch Size</key></entry><entry><key>Keep Source File</key></entry><entry><key>Recurse Subdirectories</key></entry><entry><key>Polling Interval</key></entry><entry><key>Ignore Hidden Files</key></entry><entry><key>Minimum File Age</key></entry><entry><key>Maximum File Age</key></entry><entry><key>Minimum File Size</key></entry><entry><key>Maximum File Size</key></entry></properties><runDurationMillis>0</runDurationMillis><schedulingPeriod>1 sec</schedulingPeriod><schedulingStrategy>TIMER_DRIVEN</schedulingStrategy><yieldDuration>1 sec</yieldDuration></config><name>GetFile</name><relationships><autoTerminate>false</autoTerminate><description>All files are routed to success</description><name>success</name></relationships><state>STOPPED</state><style/><supportsEventDriven>false</supportsEventDriven><supportsParallelProcessing>true</supportsParallelProcessing><type>org.apache.nifi.processors.standard.GetFile</type></processors><processors><id>53b1fa4e-3bf1-435f-8bae-7853676f2d2d</id><parentGroupId>7c84501d-d10c-407c-b9f3-1d80e38fe36a</parentGroupId><position><x>610.0</x><y>194.0</y></position><config><bulletinLevel>WARN</bulletinLevel><comments></comments><concurrentlySchedulableTaskCount>1</concurrentlySchedulableTaskCount><defaultConcurrentTasks><entry><key>TIMER_DRIVEN</key><value>1</value></entry><entry><key>EVENT_DRIVEN</key><value>0</value></entry><entry><key>CRON_DRIVEN</key><value>1</value></entry></defaultConcurrentTasks><defaultSchedulingPeriod><entry><key>TIMER_DRIVEN</key><value>0 sec</value></entry><entry><key>CRON_DRIVEN</key><value>* * * * * ?</value></entry></defaultSchedulingPeriod><descriptors><entry><key>Line Split Count</key><value><description>The number of lines that will be added to each split file</description><displayName>Line Split Count</displayName><dynamic>false</dynamic><name>Line Split Count</name><required>true</required><sensitive>false</sensitive><supportsEl>false</supportsEl></value></entry><entry><key>Header Line Count</key><value><defaultValue>0</defaultValue><description>The number of lines that should be considered part of the header; the header lines will be duplicated to all split files</description><displayName>Header Line Count</displayName><dynamic>false</dynamic><name>Header Line Count</name><required>true</required><sensitive>false</sensitive><supportsEl>false</supportsEl></value></entry><entry><key>Remove Trailing Newlines</key><value><allowableValues><displayName>true</displayName><value>true</value></allowableValues><allowableValues><displayName>false</displayName><value>false</value></allowableValues><defaultValue>true</defaultValue><description>Whether to remove newlines at the end of each split file. This should be false if you intend to merge the split files later</description><displayName>Remove Trailing Newlines</displayName><dynamic>false</dynamic><name>Remove Trailing Newlines</name><required>true</required><sensitive>false</sensitive><supportsEl>false</supportsEl></value></entry></descriptors><lossTolerant>false</lossTolerant><penaltyDuration>30 sec</penaltyDuration><properties><entry><key>Line Split Count</key><value>1</value></entry><entry><key>Header Line Count</key></entry><entry><key>Remove Trailing Newlines</key></entry></properties><runDurationMillis>0</runDurationMillis><schedulingPeriod>0 sec</schedulingPeriod><schedulingStrategy>TIMER_DRIVEN</schedulingStrategy><yieldDuration>1 sec</yieldDuration></config><name>SplitText</name><relationships><autoTerminate>true</autoTerminate><description>If a file cannot be split for some reason, the original file will be routed to this destination and nothing will be routed elsewhere</description><name>failure</name></relationships><relationships><autoTerminate>true</autoTerminate><description>The original input file will be routed to this destination when it has been successfully split into 1 or more files</description><name>original</name></relationships><relationships><autoTerminate>false</autoTerminate><description>The split files will be routed to this destination when an input file is successfully split into 1 or more split files</description><name>splits</name></relationships><state>RUNNING</state><style/><supportsEventDriven>true</supportsEventDriven><supportsParallelProcessing>true</supportsParallelProcessing><type>org.apache.nifi.processors.standard.SplitText</type></processors></snippet><timestamp>09/08/2015 16:43:55 EDT</timestamp></template>