<?xml version="1.0" encoding="UTF-8" standalone="yes"?><template><description></description><name>Syslog_HBase</name><snippet><connections><id>0d844895-b556-408e-9423-a82bb3f294d1</id><parentGroupId>04a63160-94e7-45c1-8700-67bdc30afef3</parentGroupId><backPressureDataSizeThreshold>0 MB</backPressureDataSizeThreshold><backPressureObjectThreshold>0</backPressureObjectThreshold><bends><x>440.65724182128906</x><y>389.0</y></bends><bends><x>469.65724182128906</x><y>422.0</y></bends><destination><groupId>04a63160-94e7-45c1-8700-67bdc30afef3</groupId><id>9bfc2ea1-57af-4c0c-8b76-81f81111a616</id><type>PROCESSOR</type></destination><flowFileExpiration>0 sec</flowFileExpiration><labelIndex>1</labelIndex><name></name><selectedRelationships>failure</selectedRelationships><source><groupId>04a63160-94e7-45c1-8700-67bdc30afef3</groupId><id>9bfc2ea1-57af-4c0c-8b76-81f81111a616</id><type>PROCESSOR</type></source><zIndex>0</zIndex></connections><connections><id>3bf79fe5-69af-4804-8a6b-81925125e557</id><parentGroupId>04a63160-94e7-45c1-8700-67bdc30afef3</parentGroupId><backPressureDataSizeThreshold>0 MB</backPressureDataSizeThreshold><backPressureObjectThreshold>0</backPressureObjectThreshold><bends><x>469.0</x><y>196.0</y></bends><destination><groupId>04a63160-94e7-45c1-8700-67bdc30afef3</groupId><id>1e7c6a5c-0f07-4d57-a13e-04eb678234e4</id><type>PROCESSOR</type></destination><flowFileExpiration>0 sec</flowFileExpiration><labelIndex>0</labelIndex><name></name><selectedRelationships>success</selectedRelationships><source><groupId>04a63160-94e7-45c1-8700-67bdc30afef3</groupId><id>c4683f1e-9fc4-4b92-9a88-62d8234e15b9</id><type>PROCESSOR</type></source><zIndex>0</zIndex></connections><connections><id>bc8b8ba2-476f-4dd9-afb5-489f576d8cbd</id><parentGroupId>04a63160-94e7-45c1-8700-67bdc30afef3</parentGroupId><backPressureDataSizeThreshold>0 MB</backPressureDataSizeThreshold><backPressureObjectThreshold>0</backPressureObjectThreshold><bends><x>469.0</x><y>81.0</y></bends><destination><groupId>04a63160-94e7-45c1-8700-67bdc30afef3</groupId><id>c4683f1e-9fc4-4b92-9a88-62d8234e15b9</id><type>PROCESSOR</type></destination><flowFileExpiration>0 sec</flowFileExpiration><labelIndex>0</labelIndex><name></name><selectedRelationships>success</selectedRelationships><source><groupId>04a63160-94e7-45c1-8700-67bdc30afef3</groupId><id>ba00f48e-b5ac-4284-94c1-24c921791162</id><type>PROCESSOR</type></source><zIndex>0</zIndex></connections><connections><id>98dcdc9a-d7db-4d5d-8373-a44a4d54fa3d</id><parentGroupId>04a63160-94e7-45c1-8700-67bdc30afef3</parentGroupId><backPressureDataSizeThreshold>0 MB</backPressureDataSizeThreshold><backPressureObjectThreshold>0</backPressureObjectThreshold><bends><x>472.6748962402344</x><y>317.3123779296875</y></bends><destination><groupId>04a63160-94e7-45c1-8700-67bdc30afef3</groupId><id>9bfc2ea1-57af-4c0c-8b76-81f81111a616</id><type>PROCESSOR</type></destination><flowFileExpiration>0 sec</flowFileExpiration><labelIndex>0</labelIndex><name></name><selectedRelationships>success</selectedRelationships><source><groupId>04a63160-94e7-45c1-8700-67bdc30afef3</groupId><id>1e7c6a5c-0f07-4d57-a13e-04eb678234e4</id><type>PROCESSOR</type></source><zIndex>0</zIndex></connections><controllerServices><id>9db66784-f13b-4674-91fe-7f4efea3bd17</id><comments></comments><descriptors><entry><key>Hadoop Configuration Files</key><value><description>Comma-separated list of Hadoop Configuration files, such as hbase-site.xml, including full paths to the files.</description><displayName>Hadoop Configuration Files</displayName><dynamic>false</dynamic><name>Hadoop Configuration Files</name><required>false</required><sensitive>false</sensitive><supportsEl>false</supportsEl></value></entry><entry><key>ZooKeeper Quorum</key><value><description>Comma-separated list of ZooKeeper hosts for HBase. Required if Hadoop Configuration Files are not provided.</description><displayName>ZooKeeper Quorum</displayName><dynamic>false</dynamic><name>ZooKeeper Quorum</name><required>false</required><sensitive>false</sensitive><supportsEl>false</supportsEl></value></entry><entry><key>ZooKeeper Client Port</key><value><description>The port on which ZooKeeper is accepting client connections. Required if Hadoop Configuration Files are not provided.</description><displayName>ZooKeeper Client Port</displayName><dynamic>false</dynamic><name>ZooKeeper Client Port</name><required>false</required><sensitive>false</sensitive><supportsEl>false</supportsEl></value></entry><entry><key>ZooKeeper ZNode Parent</key><value><description>The ZooKeeper ZNode Parent value for HBase (example: /hbase). Required if Hadoop Configuration Files are not provided.</description><displayName>ZooKeeper ZNode Parent</displayName><dynamic>false</dynamic><name>ZooKeeper ZNode Parent</name><required>false</required><sensitive>false</sensitive><supportsEl>false</supportsEl></value></entry><entry><key>HBase Client Retries</key><value><defaultValue>1</defaultValue><description>The number of times the HBase client will retry connecting. Required if Hadoop Configuration Files are not provided.</description><displayName>HBase Client Retries</displayName><dynamic>false</dynamic><name>HBase Client Retries</name><required>false</required><sensitive>false</sensitive><supportsEl>false</supportsEl></value></entry></descriptors><name>HBase_1_1_2_ClientService</name><properties><entry><key>Hadoop Configuration Files</key></entry><entry><key>ZooKeeper Quorum</key><value>localhost</value></entry><entry><key>ZooKeeper Client Port</key><value>2181</value></entry><entry><key>ZooKeeper ZNode Parent</key><value>/hbase-unsecure</value></entry><entry><key>HBase Client Retries</key><value>1</value></entry></properties><referencingComponents><activeThreadCount>0</activeThreadCount><descriptors><entry><key>HBase Client Service</key><value><allowableValues><displayName>HBase_1_1_2_ClientService</displayName><value>9db66784-f13b-4674-91fe-7f4efea3bd17</value></allowableValues><description>Specifies the Controller Service to use for accessing HBase.</description><displayName>HBase Client Service</displayName><dynamic>false</dynamic><identifiesControllerService>org.apache.nifi.hbase.HBaseClientService</identifiesControllerService><name>HBase Client Service</name><required>true</required><sensitive>false</sensitive><supportsEl>false</supportsEl></value></entry><entry><key>Table Name</key><value><description>The name of the HBase Table to put data into</description><displayName>Table Name</displayName><dynamic>false</dynamic><name>Table Name</name><required>true</required><sensitive>false</sensitive><supportsEl>true</supportsEl></value></entry><entry><key>Row Identifier</key><value><description>Specifies the Row ID to use when inserting data into HBase</description><displayName>Row Identifier</displayName><dynamic>false</dynamic><name>Row Identifier</name><required>false</required><sensitive>false</sensitive><supportsEl>true</supportsEl></value></entry><entry><key>Row Identifier Field Name</key><value><description>Specifies the name of a JSON element whose value should be used as the row id for the given JSON document.</description><displayName>Row Identifier Field Name</displayName><dynamic>false</dynamic><name>Row Identifier Field Name</name><required>false</required><sensitive>false</sensitive><supportsEl>true</supportsEl></value></entry><entry><key>Column Family</key><value><description>The Column Family to use when inserting data into HBase</description><displayName>Column Family</displayName><dynamic>false</dynamic><name>Column Family</name><required>true</required><sensitive>false</sensitive><supportsEl>true</supportsEl></value></entry><entry><key>Batch Size</key><value><defaultValue>25</defaultValue><description>The maximum number of FlowFiles to process in a single execution. The FlowFiles will be grouped by table, and a single Put per table will be performed.</description><displayName>Batch Size</displayName><dynamic>false</dynamic><name>Batch Size</name><required>true</required><sensitive>false</sensitive><supportsEl>false</supportsEl></value></entry><entry><key>Complex Field Strategy</key><value><allowableValues><description>Route entire FlowFile to failure if any elements contain complex values.</description><displayName>Fail</displayName><value>Fail</value></allowableValues><allowableValues><description>Provide a warning and do not include field in row sent to HBase.</description><displayName>Warn</displayName><value>Warn</value></allowableValues><allowableValues><description>Silently ignore and do not include in row sent to HBase.</description><displayName>Ignore</displayName><value>Ignore</value></allowableValues><allowableValues><description>Use the string representation of the complex field as the value of the given column.</description><displayName>Text</displayName><value>Text</value></allowableValues><defaultValue>Text</defaultValue><description>Indicates how to handle complex fields, i.e. fields that do not have a single text value.</description><displayName>Complex Field Strategy</displayName><dynamic>false</dynamic><name>Complex Field Strategy</name><required>true</required><sensitive>false</sensitive><supportsEl>false</supportsEl></value></entry></descriptors><groupId>04a63160-94e7-45c1-8700-67bdc30afef3</groupId><id>9bfc2ea1-57af-4c0c-8b76-81f81111a616</id><name>PutHBaseJSON</name><properties><entry><key>HBase Client Service</key><value>9db66784-f13b-4674-91fe-7f4efea3bd17</value></entry><entry><key>Table Name</key><value>syslog</value></entry><entry><key>Row Identifier</key></entry><entry><key>Row Identifier Field Name</key><value>id</value></entry><entry><key>Column Family</key><value>msg</value></entry><entry><key>Batch Size</key><value>25</value></entry><entry><key>Complex Field Strategy</key><value>Text</value></entry></properties><referenceType>Processor</referenceType><state>RUNNING</state><type>org.apache.nifi.hbase.PutHBaseJSON</type></referencingComponents><state>ENABLED</state><type>org.apache.nifi.hbase.HBase_1_1_2_ClientService</type></controllerServices><processors><id>1e7c6a5c-0f07-4d57-a13e-04eb678234e4</id><parentGroupId>04a63160-94e7-45c1-8700-67bdc30afef3</parentGroupId><position><x>30.0</x><y>245.0</y></position><config><bulletinLevel>WARN</bulletinLevel><comments></comments><concurrentlySchedulableTaskCount>1</concurrentlySchedulableTaskCount><defaultConcurrentTasks><entry><key>TIMER_DRIVEN</key><value>1</value></entry><entry><key>EVENT_DRIVEN</key><value>0</value></entry><entry><key>CRON_DRIVEN</key><value>1</value></entry></defaultConcurrentTasks><defaultSchedulingPeriod><entry><key>TIMER_DRIVEN</key><value>0 sec</value></entry><entry><key>CRON_DRIVEN</key><value>* * * * * ?</value></entry></defaultSchedulingPeriod><descriptors><entry><key>Attributes List</key><value><description>Comma separated list of attributes to be included in the resulting JSON. If this value is left empty then all existing Attributes will be included. This list of attributes is case sensitive. If an attribute specified in the list is not found it will be be emitted to the resulting JSON with an empty string or NULL value.</description><displayName>Attributes List</displayName><dynamic>false</dynamic><name>Attributes List</name><required>false</required><sensitive>false</sensitive><supportsEl>false</supportsEl></value></entry><entry><key>Destination</key><value><allowableValues><displayName>flowfile-attribute</displayName><value>flowfile-attribute</value></allowableValues><allowableValues><displayName>flowfile-content</displayName><value>flowfile-content</value></allowableValues><defaultValue>flowfile-attribute</defaultValue><description>Control if JSON value is written as a new flowfile attribute 'JSONAttributes' or written in the flowfile content. Writing to flowfile content will overwrite any existing flowfile content.</description><displayName>Destination</displayName><dynamic>false</dynamic><name>Destination</name><required>true</required><sensitive>false</sensitive><supportsEl>false</supportsEl></value></entry><entry><key>Include Core Attributes</key><value><allowableValues><displayName>true</displayName><value>true</value></allowableValues><allowableValues><displayName>false</displayName><value>false</value></allowableValues><defaultValue>true</defaultValue><description>Determines if the FlowFile org.apache.nifi.flowfile.attributes.CoreAttributes which are contained in every FlowFile should be included in the final JSON value generated.</description><displayName>Include Core Attributes</displayName><dynamic>false</dynamic><name>Include Core Attributes</name><required>true</required><sensitive>false</sensitive><supportsEl>false</supportsEl></value></entry><entry><key>Null Value</key><value><allowableValues><displayName>true</displayName><value>true</value></allowableValues><allowableValues><displayName>false</displayName><value>false</value></allowableValues><defaultValue>false</defaultValue><description>If true a non existing or empty attribute will be NULL in the resulting JSON. If false an empty string will be placed in the JSON</description><displayName>Null Value</displayName><dynamic>false</dynamic><name>Null Value</name><required>true</required><sensitive>false</sensitive><supportsEl>false</supportsEl></value></entry></descriptors><lossTolerant>false</lossTolerant><penaltyDuration>30 sec</penaltyDuration><properties><entry><key>Attributes List</key></entry><entry><key>Destination</key><value>flowfile-content</value></entry><entry><key>Include Core Attributes</key><value>false</value></entry><entry><key>Null Value</key><value>false</value></entry></properties><runDurationMillis>0</runDurationMillis><schedulingPeriod>0 sec</schedulingPeriod><schedulingStrategy>TIMER_DRIVEN</schedulingStrategy><yieldDuration>1 sec</yieldDuration></config><name>AttributesToJSON</name><relationships><autoTerminate>true</autoTerminate><description>Failed to convert attributes to JSON</description><name>failure</name></relationships><relationships><autoTerminate>false</autoTerminate><description>Successfully converted attributes to JSON</description><name>success</name></relationships><state>RUNNING</state><style/><supportsEventDriven>true</supportsEventDriven><supportsParallelProcessing>true</supportsParallelProcessing><type>org.apache.nifi.processors.standard.AttributesToJSON</type></processors><processors><id>c4683f1e-9fc4-4b92-9a88-62d8234e15b9</id><parentGroupId>04a63160-94e7-45c1-8700-67bdc30afef3</parentGroupId><position><x>31.0</x><y>126.0</y></position><config><bulletinLevel>WARN</bulletinLevel><comments></comments><concurrentlySchedulableTaskCount>1</concurrentlySchedulableTaskCount><defaultConcurrentTasks><entry><key>TIMER_DRIVEN</key><value>1</value></entry><entry><key>EVENT_DRIVEN</key><value>0</value></entry><entry><key>CRON_DRIVEN</key><value>1</value></entry></defaultConcurrentTasks><defaultSchedulingPeriod><entry><key>TIMER_DRIVEN</key><value>0 sec</value></entry><entry><key>CRON_DRIVEN</key><value>* * * * * ?</value></entry></defaultSchedulingPeriod><descriptors><entry><key>Delete Attributes Expression</key><value><description>Regular expression for attributes to be deleted from flowfiles.</description><displayName>Delete Attributes Expression</displayName><dynamic>false</dynamic><name>Delete Attributes Expression</name><required>false</required><sensitive>false</sensitive><supportsEl>true</supportsEl></value></entry><entry><key>body</key><value><description></description><displayName>body</displayName><dynamic>true</dynamic><name>body</name><required>false</required><sensitive>false</sensitive><supportsEl>true</supportsEl></value></entry><entry><key>hostname</key><value><description></description><displayName>hostname</displayName><dynamic>true</dynamic><name>hostname</name><required>false</required><sensitive>false</sensitive><supportsEl>true</supportsEl></value></entry><entry><key>id</key><value><description></description><displayName>id</displayName><dynamic>true</dynamic><name>id</name><required>false</required><sensitive>false</sensitive><supportsEl>true</supportsEl></value></entry><entry><key>port</key><value><description></description><displayName>port</displayName><dynamic>true</dynamic><name>port</name><required>false</required><sensitive>false</sensitive><supportsEl>true</supportsEl></value></entry><entry><key>priority</key><value><description></description><displayName>priority</displayName><dynamic>true</dynamic><name>priority</name><required>false</required><sensitive>false</sensitive><supportsEl>true</supportsEl></value></entry><entry><key>protocol</key><value><description></description><displayName>protocol</displayName><dynamic>true</dynamic><name>protocol</name><required>false</required><sensitive>false</sensitive><supportsEl>true</supportsEl></value></entry><entry><key>sender</key><value><description></description><displayName>sender</displayName><dynamic>true</dynamic><name>sender</name><required>false</required><sensitive>false</sensitive><supportsEl>true</supportsEl></value></entry><entry><key>timestamp</key><value><description></description><displayName>timestamp</displayName><dynamic>true</dynamic><name>timestamp</name><required>false</required><sensitive>false</sensitive><supportsEl>true</supportsEl></value></entry><entry><key>version</key><value><description></description><displayName>version</displayName><dynamic>true</dynamic><name>version</name><required>false</required><sensitive>false</sensitive><supportsEl>true</supportsEl></value></entry></descriptors><lossTolerant>false</lossTolerant><penaltyDuration>30 sec</penaltyDuration><properties><entry><key>Delete Attributes Expression</key><value>syslog.*</value></entry><entry><key>body</key><value>${syslog.body}</value></entry><entry><key>hostname</key><value>${syslog.hostname}</value></entry><entry><key>id</key><value>${syslog.timestamp:toDate('MMM d HH:mm:ss'):toNumber()}_${uuid}</value></entry><entry><key>port</key><value>${syslog.port}</value></entry><entry><key>priority</key><value>${syslog.priority}</value></entry><entry><key>protocol</key><value>${syslog.protocol}</value></entry><entry><key>sender</key><value>${syslog.sender}</value></entry><entry><key>timestamp</key><value>${syslog.timestamp}</value></entry><entry><key>version</key><value>${syslog.version}</value></entry></properties><runDurationMillis>0</runDurationMillis><schedulingPeriod>0 sec</schedulingPeriod><schedulingStrategy>TIMER_DRIVEN</schedulingStrategy><yieldDuration>1 sec</yieldDuration></config><name>UpdateAttribute</name><relationships><autoTerminate>false</autoTerminate><description>All FlowFiles are routed to this relationship</description><name>success</name></relationships><state>RUNNING</state><style/><supportsEventDriven>true</supportsEventDriven><supportsParallelProcessing>true</supportsParallelProcessing><type>org.apache.nifi.processors.attributes.UpdateAttribute</type></processors><processors><id>9bfc2ea1-57af-4c0c-8b76-81f81111a616</id><parentGroupId>04a63160-94e7-45c1-8700-67bdc30afef3</parentGroupId><position><x>31.657241821289062</x><y>364.0</y></position><config><bulletinLevel>WARN</bulletinLevel><comments></comments><concurrentlySchedulableTaskCount>1</concurrentlySchedulableTaskCount><defaultConcurrentTasks><entry><key>TIMER_DRIVEN</key><value>1</value></entry><entry><key>EVENT_DRIVEN</key><value>0</value></entry><entry><key>CRON_DRIVEN</key><value>1</value></entry></defaultConcurrentTasks><defaultSchedulingPeriod><entry><key>TIMER_DRIVEN</key><value>0 sec</value></entry><entry><key>CRON_DRIVEN</key><value>* * * * * ?</value></entry></defaultSchedulingPeriod><descriptors><entry><key>HBase Client Service</key><value><allowableValues><displayName>HBase_1_1_2_ClientService</displayName><value>9db66784-f13b-4674-91fe-7f4efea3bd17</value></allowableValues><description>Specifies the Controller Service to use for accessing HBase.</description><displayName>HBase Client Service</displayName><dynamic>false</dynamic><identifiesControllerService>org.apache.nifi.hbase.HBaseClientService</identifiesControllerService><name>HBase Client Service</name><required>true</required><sensitive>false</sensitive><supportsEl>false</supportsEl></value></entry><entry><key>Table Name</key><value><description>The name of the HBase Table to put data into</description><displayName>Table Name</displayName><dynamic>false</dynamic><name>Table Name</name><required>true</required><sensitive>false</sensitive><supportsEl>true</supportsEl></value></entry><entry><key>Row Identifier</key><value><description>Specifies the Row ID to use when inserting data into HBase</description><displayName>Row Identifier</displayName><dynamic>false</dynamic><name>Row Identifier</name><required>false</required><sensitive>false</sensitive><supportsEl>true</supportsEl></value></entry><entry><key>Row Identifier Field Name</key><value><description>Specifies the name of a JSON element whose value should be used as the row id for the given JSON document.</description><displayName>Row Identifier Field Name</displayName><dynamic>false</dynamic><name>Row Identifier Field Name</name><required>false</required><sensitive>false</sensitive><supportsEl>true</supportsEl></value></entry><entry><key>Column Family</key><value><description>The Column Family to use when inserting data into HBase</description><displayName>Column Family</displayName><dynamic>false</dynamic><name>Column Family</name><required>true</required><sensitive>false</sensitive><supportsEl>true</supportsEl></value></entry><entry><key>Batch Size</key><value><defaultValue>25</defaultValue><description>The maximum number of FlowFiles to process in a single execution. The FlowFiles will be grouped by table, and a single Put per table will be performed.</description><displayName>Batch Size</displayName><dynamic>false</dynamic><name>Batch Size</name><required>true</required><sensitive>false</sensitive><supportsEl>false</supportsEl></value></entry><entry><key>Complex Field Strategy</key><value><allowableValues><description>Route entire FlowFile to failure if any elements contain complex values.</description><displayName>Fail</displayName><value>Fail</value></allowableValues><allowableValues><description>Provide a warning and do not include field in row sent to HBase.</description><displayName>Warn</displayName><value>Warn</value></allowableValues><allowableValues><description>Silently ignore and do not include in row sent to HBase.</description><displayName>Ignore</displayName><value>Ignore</value></allowableValues><allowableValues><description>Use the string representation of the complex field as the value of the given column.</description><displayName>Text</displayName><value>Text</value></allowableValues><defaultValue>Text</defaultValue><description>Indicates how to handle complex fields, i.e. fields that do not have a single text value.</description><displayName>Complex Field Strategy</displayName><dynamic>false</dynamic><name>Complex Field Strategy</name><required>true</required><sensitive>false</sensitive><supportsEl>false</supportsEl></value></entry></descriptors><lossTolerant>false</lossTolerant><penaltyDuration>30 sec</penaltyDuration><properties><entry><key>HBase Client Service</key><value>9db66784-f13b-4674-91fe-7f4efea3bd17</value></entry><entry><key>Table Name</key><value>syslog</value></entry><entry><key>Row Identifier</key></entry><entry><key>Row Identifier Field Name</key><value>id</value></entry><entry><key>Column Family</key><value>msg</value></entry><entry><key>Batch Size</key><value>25</value></entry><entry><key>Complex Field Strategy</key><value>Text</value></entry></properties><runDurationMillis>0</runDurationMillis><schedulingPeriod>0 sec</schedulingPeriod><schedulingStrategy>TIMER_DRIVEN</schedulingStrategy><yieldDuration>1 sec</yieldDuration></config><name>PutHBaseJSON</name><relationships><autoTerminate>false</autoTerminate><description>A FlowFile is routed to this relationship if it cannot be sent to HBase</description><name>failure</name></relationships><relationships><autoTerminate>true</autoTerminate><description>A FlowFile is routed to this relationship after it has been successfully stored in HBase</description><name>success</name></relationships><state>RUNNING</state><style/><supportsEventDriven>true</supportsEventDriven><supportsParallelProcessing>true</supportsParallelProcessing><type>org.apache.nifi.hbase.PutHBaseJSON</type></processors><processors><id>ba00f48e-b5ac-4284-94c1-24c921791162</id><parentGroupId>04a63160-94e7-45c1-8700-67bdc30afef3</parentGroupId><position><x>31.0</x><y>9.0</y></position><config><bulletinLevel>WARN</bulletinLevel><comments></comments><concurrentlySchedulableTaskCount>1</concurrentlySchedulableTaskCount><defaultConcurrentTasks><entry><key>TIMER_DRIVEN</key><value>1</value></entry><entry><key>EVENT_DRIVEN</key><value>0</value></entry><entry><key>CRON_DRIVEN</key><value>1</value></entry></defaultConcurrentTasks><defaultSchedulingPeriod><entry><key>TIMER_DRIVEN</key><value>0 sec</value></entry><entry><key>CRON_DRIVEN</key><value>* * * * * ?</value></entry></defaultSchedulingPeriod><descriptors><entry><key>Protocol</key><value><allowableValues><displayName>TCP</displayName><value>TCP</value></allowableValues><allowableValues><displayName>UDP</displayName><value>UDP</value></allowableValues><defaultValue>UDP</defaultValue><description>The protocol for Syslog communication, either TCP or UDP.</description><displayName>Protocol</displayName><dynamic>false</dynamic><name>Protocol</name><required>true</required><sensitive>false</sensitive><supportsEl>false</supportsEl></value></entry><entry><key>Port</key><value><description>The port for Syslog communication.</description><displayName>Port</displayName><dynamic>false</dynamic><name>Port</name><required>true</required><sensitive>false</sensitive><supportsEl>false</supportsEl></value></entry><entry><key>SSL Context Service</key><value><description>The Controller Service to use in order to obtain an SSL Context. If this property is set, syslog messages will be received over a secure connection.</description><displayName>SSL Context Service</displayName><dynamic>false</dynamic><identifiesControllerService>org.apache.nifi.ssl.SSLContextService</identifiesControllerService><name>SSL Context Service</name><required>false</required><sensitive>false</sensitive><supportsEl>false</supportsEl></value></entry><entry><key>Receive Buffer Size</key><value><defaultValue>65507 B</defaultValue><description>The size of each buffer used to receive Syslog messages. Adjust this value appropriately based on the expected size of the incoming Syslog messages. When UDP is selected each buffer will hold one Syslog message. When TCP is selected messages are read from an incoming connection until the buffer is full, or the connection is closed. </description><displayName>Receive Buffer Size</displayName><dynamic>false</dynamic><name>Receive Buffer Size</name><required>true</required><sensitive>false</sensitive><supportsEl>false</supportsEl></value></entry><entry><key>Max Size of Socket Buffer</key><value><defaultValue>1 MB</defaultValue><description>The maximum size of the socket buffer that should be used. This is a suggestion to the Operating System to indicate how big the socket buffer should be. If this value is set too low, the buffer may fill up before the data can be read, and incoming data will be dropped.</description><displayName>Max Size of Socket Buffer</displayName><dynamic>false</dynamic><name>Max Size of Socket Buffer</name><required>true</required><sensitive>false</sensitive><supportsEl>false</supportsEl></value></entry><entry><key>Max Number of TCP Connections</key><value><defaultValue>2</defaultValue><description>The maximum number of concurrent connections to accept Syslog messages in TCP mode.</description><displayName>Max Number of TCP Connections</displayName><dynamic>false</dynamic><name>Max Number of TCP Connections</name><required>true</required><sensitive>false</sensitive><supportsEl>false</supportsEl></value></entry><entry><key>Max Batch Size</key><value><defaultValue>1</defaultValue><description>The maximum number of Syslog events to add to a single FlowFile. If multiple events are available, they will be concatenated along with the &lt;Message Delimiter&gt; up to this configured maximum number of messages</description><displayName>Max Batch Size</displayName><dynamic>false</dynamic><name>Max Batch Size</name><required>true</required><sensitive>false</sensitive><supportsEl>false</supportsEl></value></entry><entry><key>Message Delimiter</key><value><defaultValue>\n</defaultValue><description>Specifies the delimiter to place between Syslog messages when multiple messages are bundled together (see &lt;Max Batch Size&gt; property).</description><displayName>Message Delimiter</displayName><dynamic>false</dynamic><name>Message Delimiter</name><required>true</required><sensitive>false</sensitive><supportsEl>false</supportsEl></value></entry><entry><key>Parse Messages</key><value><allowableValues><displayName>true</displayName><value>true</value></allowableValues><allowableValues><displayName>false</displayName><value>false</value></allowableValues><defaultValue>true</defaultValue><description>Indicates if the processor should parse the Syslog messages. If set to false, each outgoing FlowFile will only contain the sender, protocol, and port, and no additional attributes.</description><displayName>Parse Messages</displayName><dynamic>false</dynamic><name>Parse Messages</name><required>true</required><sensitive>false</sensitive><supportsEl>false</supportsEl></value></entry><entry><key>Character Set</key><value><defaultValue>UTF-8</defaultValue><description>Specifies which character set of the Syslog messages</description><displayName>Character Set</displayName><dynamic>false</dynamic><name>Character Set</name><required>true</required><sensitive>false</sensitive><supportsEl>false</supportsEl></value></entry></descriptors><lossTolerant>false</lossTolerant><penaltyDuration>30 sec</penaltyDuration><properties><entry><key>Protocol</key><value>UDP</value></entry><entry><key>Port</key><value>7780</value></entry><entry><key>SSL Context Service</key></entry><entry><key>Receive Buffer Size</key><value>65507 B</value></entry><entry><key>Max Size of Socket Buffer</key><value>1 MB</value></entry><entry><key>Max Number of TCP Connections</key><value>2</value></entry><entry><key>Max Batch Size</key><value>1</value></entry><entry><key>Message Delimiter</key><value>\n</value></entry><entry><key>Parse Messages</key><value>true</value></entry><entry><key>Character Set</key><value>UTF-8</value></entry></properties><runDurationMillis>0</runDurationMillis><schedulingPeriod>0 sec</schedulingPeriod><schedulingStrategy>TIMER_DRIVEN</schedulingStrategy><yieldDuration>1 sec</yieldDuration></config><name>ListenSyslog</name><relationships><autoTerminate>true</autoTerminate><description>Syslog messages that do not match one of the expected formats will be sent out this relationship as a FlowFile per message.</description><name>invalid</name></relationships><relationships><autoTerminate>false</autoTerminate><description>Syslog messages that match one of the expected formats will be sent out this relationship as a FlowFile per message.</description><name>success</name></relationships><state>RUNNING</state><style/><supportsEventDriven>false</supportsEventDriven><supportsParallelProcessing>true</supportsParallelProcessing><type>org.apache.nifi.processors.standard.ListenSyslog</type></processors></snippet><timestamp>12/10/2015 19:48:25 UTC</timestamp></template>